title,verdict,verdict_confidence,platform,author,old_clue,reader_synopsis,official_blurb,trope_tags,identity_note,source_report,ingested_at
仙灵妖神记,钉死,高,阅文体系,紫薇大帝,缺官方简介,这是一本偏洪荒流、鲲鹏视角的仙侠文。开篇是现代人“张开”穿进洪荒，直接成了鲲鹏老祖，随后围绕龙凤麒麟三族、鸿钧、应龙等神话框架往下铺。它不是常见“凡人修仙”路数，更像拿洪荒设定做再演绎，重点在族群格局、神话人物重塑和鲲鹏形象翻案。,公开检索到的是书页与章节页，**未抓到完整官方简介**；可确认题名、作者与正文一致。,洪荒流、鲲鹏主角、古典仙侠、神话再演绎,这本不是《妖神记》，也不是蹭“妖神记”的题名噪声。QQ 阅读给出**完整题名+作者紫薇大帝**，章节镜像又能落到同一本正文里，人物、世界观和更新时间链条是连着的。最早待核点是“缺官方简介”，但书的身份本身并不摇晃。说白了，它的问题是资料残，不是认亲难。,identity_r01.md,2026-07-19T05:21:16+08:00
他从天外归来,钉死,中,起点体系,最后的茄子,缺官方简介;置信低;需认亲,主角李毅失踪三天，却在另一个高科技位面“生活了三千万年”，掌握碾压级科技后回到地球。故事走的是“超高位归来”路线，但不是纯都市装杯，核心卖点是把科技、修炼、神怪揉在一起：工人、农民、武林高手、修士乃至神仙妖怪，都得被“科技才是第一生产力”这套逻辑重新教育。,`“三天前，李毅突然神秘失踪……”`（节录）,都市异能、归来流、高科技碾压、灵气复苏混搭,这本最麻烦的地方在于，我没抓到能直接打开的官方起点书页。好消息是，公开面上“最后的茄子+他从天外归来”的组合非常稳定，且 qidiantu 明示它来自“起点书评”，BookLink 也有独立书目与评论页，不像凭空拼出来的假条目。简介、主角名、题材标签在多个索引之间基本对得上。我因此倾向判为**真实存在且归属起点体系**，但因为官方原页缺位，把握我只给中。,identity_r01.md,2026-07-19T05:21:16+08:00
仙子，请听我解释,钉死,高,起点中文网,弥天大厦,需认亲,这本的关键不是“有没有书”，而是**旧名/新名切换**。搜索“仙子，请听我解释”时，阅文系结果会直接落到《望长天》，作者同为弥天大厦。故事是朝堂、仙门、乱世权谋混一锅：皇帝病危、太子监国、地方仙门盘踞，主角许元从雨夜破庙起步，逐渐卷进更大的局。它并非现代恋爱轻喜剧那本同名作品。,现书页《望长天》简介起首为：`“大炎皇朝国祚一千三百余年……”`（节录）,改名书、仙侠权谋、王朝修仙、群像布局,同名坑点很大，因为现在公开面上还存在一本**现代都市轻喜剧同人向**的《仙子，请听我解释！》。但阅文搜索“仙子请听我解释”会导向《望长天》，而作者正是弥天大厦；另有起点书单页面仍把“仙子，请听我解释”列作弥天大厦名下作品。也就是说，这本待核条目本质上是**旧书名认亲**，不是“根本没这本书”。所以这里该钉死到《望长天》，而不是误认到别的同名新书。,identity_r01.md,2026-07-19T05:21:16+08:00
亮剑：从得到装备栏开始,钉死,高,起点中文网,我更还不成吗,没找到;缺官方简介;置信低,这本是标准“亮剑同人+系统装备栏”路线。主角魏勇穿进《亮剑》平行世界，靠装备栏系统叠技能、堆战力，从侦查、体能到火力一路外挂化，然后把抗战场景打成带装备词条的爽文副本。简介里把“抗战救亡、大国崛起、民族复兴”都摆出来了，说明它不是只玩梗，而是明确走热血抗战升级流。,`“魏勇一觉醒来，发现自己穿越《亮剑》平行世界。”`（节录）,亮剑同人、抗战烽火、系统流、装备栏、爽文,这本并不是“没找到”，而是普通搜索容易被《亮剑》原著和大量亮剑同人淹掉。只要落到起点军事镜像页，题名、作者、分类、简介、章节都齐全。和《亮剑：蓝星工业杀疯了》也不是同一本，作者、主角、外挂机制都不同。这个条目现在可以直接出库，不需要继续悬着。,identity_r01.md,2026-07-19T05:21:16+08:00
亮剑：蓝星工业杀疯了,钉死,高,起点中文网,白担心,没找到;缺官方简介;置信低,主角高远的卖点，不是个人战力，而是把现代工业和军火体系直接灌进《亮剑》世界。书里从步枪、坦克一路抬到飞行和更高工业层级，等于把“抗战同人”往“大国军工爽文”方向推。李云龙继续负责强烈情绪输出，主角负责把蓝星工业当外挂往里塞。,`“背靠蓝星工业，军火支援革命先辈。”`（节录）,亮剑同人、军工流、双时空感、抗战爽文、工业强军,这本和上一条一样，也是被大量“亮剑同人”冲掉的典型。官方镜像已经给出**作者白担心、字数、状态和完整简介**，身份不虚。待核时说“没找到”，主要是因为直接搜题名时，搜索结果很容易先冒出各类章节搬运或同题材书。现在链路已经够稳，可以钉死。,identity_r01.md,2026-07-19T05:21:16+08:00
修仙百年，前任都成了天命之女,钉死,高,起点中文网,爱吃肘子的小郎君,没找到;缺官方简介,书的核心是一句很网文的话：主角顾诚只想修仙求长生，结果自己早年的“前任们”一个个都成了剑圣、圣女、妖族公主、女帝，然后集体回来找他清账。它本质是“修仙后宫债主上门”的反向展开，偏轻快、偏修罗场，也带点玩梗式自嘲。简介本身已经把主要冲突讲得很明白。,`“穿越到修仙世界，成为长生门少主……”`（节录）,修仙轻喜、前任修罗场、男频感情线、幻想修仙,这本待核难点不在身份，而在早期搜索确实容易被长标题小说海淹没。现在起点镜像页已经把作者、分类、章节和简介全给出来了。没有发现同名不同作者的强冲突项，也不是题名噪声。可以直接按**起点｜爱吃肘子的小郎君**入库。,identity_r01.md,2026-07-19T05:21:16+08:00
修仙，我能穿越异世界,钉死,高,起点中文网,蒙面怪客,没找到;缺官方简介,这是“修仙+异世界穿梭”组合拳。主角既在修仙世界修行，也借穿越能力去别的世界找资源、补体系、打信息差。作者蒙面怪客本身在仙侠线有辨识度，所以整体不是逗趣风，而是更偏稳、偏修行推进和世界观切换。书页显示已经完结，身份链非常清楚。,`“诸天万界，亿万众生踏上修行路……”`（节录）,诸天穿梭、修真文明、资源流、双世界修行,这本搜索时会被一堆“我能穿越”“异世界修仙”近似题名干扰，但只要题名完整输入，阅文侧指向很稳。起点镜像页明确写了**蒙面怪客**、分类“修真文明”和完结状态。不存在同名作者冲突，也不是别称。可以钉死。,identity_r01.md,2026-07-19T05:21:16+08:00
倾城欢,钉死,中,17K小说网,狐晚,缺官方简介;置信低,这是偏古言/架空历史线的长篇。设定上有前世今生：前生一狐一僧，今生则转成南宫飞燕与宫廷权力场的故事，既有情债，也有身世与宫闱推进。书的题名不算独一份，但“狐晚+倾城欢”在 17K、四月天与作者荣誉页上能对上，属于能认回去的一本。,`“前生她是刚刚修炼还不懂事故的小狐妖……”`（节录）,古言、前世今生、架空历史、宫闱权谋,这本同名项不少，所以单看“倾城欢”确实容易飘。可一旦把作者锁到**狐晚**，17K 作者中心、章节页、四月天作者页都会回到同一部作品。QQ 阅读也有收录页，说明它不是只有盗站痕迹。最关键的是，简介起首在 17K 标签页和四月天检索页能互相印证，所以我给“钉死｜中”。,identity_r01.md,2026-07-19T05:21:16+08:00
兵者,钉死,中,起点中文网,七品,没找到;缺官方简介;需认亲,这是七品的军事题材作品，走硬派热血路。公开索引里的简介非常短促、非常“七品”——兵性如狼、兵中有人、精忠报国，主打军旅血性和男性向燃感。从外围资料看，它属于七品“兵者/兵王”题材系谱里的后续作，而不是别人的借题名作品。,`“西北有兵，性如狼，暴若鹰……”`（节录）,军事文、军旅热血、硬派男频、阅文系,这本最麻烦的点是题名太短，天然撞词。搜索“兵者”会先炸出大量无关结果，所以待核时会误以为“没找到”。但中国作家网转载的专访明确说：七品“最新一本《兵者》”在“八一”首发；抖音百科进一步直接写成“七品所创作、连载于起点中文网”。两条线能合拢，说明它不是空条目。只是因为官方书页如今不易直达，所以把握我给中不拉满。,identity_r01.md,2026-07-19T05:21:16+08:00
养尸为祸,钉死,高,酷匠网,川野,没找到;缺官方简介;置信低,这是偏灵异怪谈的作品，主线从乱坟岗弃婴展开，一路往尸村、蛇蛊、神婆、厉鬼、千年不朽死尸这些元素上堆。它不是都市小白文那种“装神弄鬼”，而是很典型的旧派网文灵异味：地方怪谈、民俗邪术、因果循环、主角命格特殊，全都往一个人身上压。,`“刚出生就被丢弃在‘尸城’之称的乱坟岗……”`（节录）,灵异、鬼怪、民俗怪谈、湘西感、酷匠系,这本认亲反而不难，难的是你得搜到**酷匠**这条线。只要落到酷匠书页，题名、作者、简介直接齐。懒人听书和蜻蜓 FM 也都挂了“川野《养尸为祸》”，说明传播链存在。它不是“库外无源”，只是平台不在阅文系而已。,identity_r01.md,2026-07-19T05:21:16+08:00
凌霄仙族,钉死,中,起点体系,迷糊小神通,需认亲,这本是很典型的家族修仙、灵植夫、种田流。主角凌鹏云不是孤狼天才，而是带着家族势力往上爬，目标是把凌氏仙族推成“天下粮仓”级别。它和《从炼气家族到凌霄仙族》不是同一本，后者是落月星尘的新书，题名更长、主角也不同。,`“凌鹏云携带一卷道经，转生化为凌氏仙族族人……”`（节录）,家族修仙、灵植夫、凡人流、种田流,这本需要“认亲”，主要是因为现在公开面同时存在《从炼气家族到凌霄仙族》，很容易被误并。好在“迷糊小神通+凌霄仙族+凌鹏云”这一套是稳定的，和落月星尘那本《从炼气家族到凌霄仙族》的“陈玉青”线完全不同。虽然我没抓到可直开的官方原发页，但多家索引都指向同一部书，所以我判为钉死，只是不把把握给到最高。,identity_r01.md,2026-07-19T05:21:16+08:00
嘉豪就变强？操场雨中舞剑开天门,钉死,中,起点中文网,给我一个大汉堡,置信低,这本走的是短平快异能爽文线：主角陆幸穿到平行世界，觉醒“嘉豪成神系统”，从看似离谱的任务——比如雨中操场舞剑——一路刷到真正怪物降临，再一剑开天。它的卖点就是土味名配极强爽点，明显是当下快节奏新书风格。,`“血月当空，深渊降临。”`（节录）,都市异能、系统流、校园开局、爽文、短平快新书,这本最大的坑不是“找不到”，而是**同一题名在不同侧镜像上给了不同作者**。我更信起点官方，因为它直接给出作者“给我一个大汉堡”和更新时间；QQ 侧那条“创世中文网/大大大大大大怪/待上架”更像未清洗干净的聚合镜像。另一个细节是，官方用的是逗号版题名，不是问号版。综合看，这本能钉死，但最好补人工留档，备注“题名标点与镜像作者曾冲突”。,identity_r01.md,2026-07-19T05:21:16+08:00
嘿，妖道,钉死,高,起点中文网,我是瞎混的,缺官方简介;置信低;需认亲,这本其实是**改名认亲**。旧名“嘿，妖道”后来改成了《龙虎道主》。世界观是“百类皆可成妖，人族借妖修仙”，主角走的不是传统挂机，而是借妖道、神魂道去啃长生与道统。因为改名后新书名声量更大，所以旧标题才会显得像消失了。,`“天地有灵机，万物食灵机而长。”`（节录）,改名书、道门修仙、借妖修仙、长篇仙侠,这本跟《仙子，请听我解释》一样，核心不是找书，而是**旧名找新名**。QQ 阅读评论区直接有人说“嘿，妖道没了，成龙虎道主了”，这条证据很关键。再结合《龙虎道主》的官方页与作者名“我是瞎混的”，链条就闭环了。旧名可以留存为别名，但正式归档应落到《龙虎道主》。,identity_r01.md,2026-07-19T05:21:16+08:00
觉醒神通后，妖魔皆薪柴,钉死,高,起点中文网,派大康,置信中低;需认亲,这条待核书名其实不是正式题名，而是**官方简介里的主打口号**。真正的书叫《荡尽妖魔我为仙》，主角韩玥借《万法辑录》抽神通，一路在修仙世界拿神通和妖魔对撞，典型的高概念爽文。搜索旧条目时如果只盯字面，很容易误以为另有一本同名新书。,`“觉醒神通后，妖魔皆薪柴！”`（节录）,别称/口号误作书名、神通流、幻想修仙、斩妖成长,这本非常典型：**简介金句被误抄成书名**。官方页明明写的是《荡尽妖魔我为仙》，但简介末尾用一句“觉醒神通后，妖魔皆薪柴！”做钩子。待核名单把它抄成题名后，普通搜索自然会漂。现在已经能明确：它不是独立新书，而是《荡尽妖魔我为仙》的简介句。,identity_r01.md,2026-07-19T05:21:16+08:00
王者之开局加入长城守卫军,钉死,高,创世中文网,南元北哲,没找到;缺官方简介,主角陆羽打王者排位时穿进王者大陆，开局就入长城守卫军，同时绑定“王者进化系统”。后面路线很明确：装备、英雄技能、系统升级、攻略花木兰等王者世界名角色。属于把 MOBA 数值体系小说化的衍生同人，受众也很垂直。,`“正在打排位的陆羽，意外地穿越到了王者大陆……”`（节录）,王者荣耀同人、衍生同人、系统流、长城守卫军,这本其实不难认，只是容易和一堆王者题材同人混在一起。QQ 阅读页已经给出作者南元北哲、题材“衍生同人”、全文状态和完整开篇。起点与 QQ 两边都能搜到，链路稳得很。待核时标成“没找到”，更像是当时搜法没压住题材噪音。,identity_r01.md,2026-07-19T05:21:16+08:00
穿越网王之网球公主,钉死,中,QQ 阅读收录,花樱明月,缺官方简介;置信中低,这本是老网王同人路线，主角“扇”本身是现实世界的网球冠军，却极度厌恶网球，之后穿进《网球王子》相关世界，与龙马、迹部等人物展开交集。整体气质是早年女性向同人文：玛丽苏感、身份设定、王子群像和恋爱线都比较重。,公开面未抓到可靠官方简介长文本；可确认作者页与书名稳定对应。,网王同人、女性向、校园恋爱、穿越同人,这本书年代比较早，公开面很难再抓到漂亮的官方正文页，但作者页“花樱明月”名下明确挂着《穿越网王之网球公主》。同时，百科类页面和各类旧索引中的作者、题名、题材都一致。它不是噪声，也不是后人拼接出来的假名。唯一不足是**原发平台痕迹老旧**，所以把握我给中。,identity_r01.md,2026-07-19T05:21:16+08:00
中华联邦之帝国再起,钉死,中,起点中文网,铁骑洪流,缺官方简介;置信中低;需认亲,这是偏《鲁路修》中华联邦背景再创作的同人/架空争霸文。作者显然对原作里的中华联邦设定有怨念，于是开文重写，主打“千年帝国、阉人误国、华夏崛起、全球称霸”这套展开。书很早，更新也停得早，所以今天看起来像“失踪书”，但并不是没有身份。,`“千年帝国，岂容阉人败坏。”`（节录）,鲁路修同人、架空争霸、旧同人文、起点系,这本也属于“老书难挖”。好在 BookLink 直接挂了“起点目录”，另一个索引页更明确写了**作者铁骑洪流、首发网站起点**。题名很长但不常撞，作者也稳定，所以认亲难度主要在资料老，不在真假不明。可以钉死，但要备注“老同人遗留，官方现页不易直达”。,identity_r01.md,2026-07-19T05:21:16+08:00
清穿之妾室守则,钉死,高,起点中文网,随风轻舞,置信中低;需认亲,书名虽然像很普通的清穿言情，但身份很稳。故事大体围绕清穿后宅、妾室生存、九爷系人物关系展开，重点不是朝堂，而是女主如何在妾室位置上活下来、守住边界、经营后宅。它是典型女性向长篇，篇幅很长，连载完结痕迹也完整。,`“有人说太美丽的女人都是笨蛋……”`（节录）,清穿、古代言情、后宅生存、长篇女频,这本不存在真伪问题，只是年头有点久。起点书页直接给出作者、章数和简短简介，微信读书也能对应到同书同作者。由于“清穿”“妾室”两个词都很高频，裸搜会有干扰，但完整题名一上去，基本就不会跑。可以放心钉死。,identity_r01.md,2026-07-19T05:21:16+08:00
傻柱重生四合院：从敲闷棍开始,判死,高,无,,缺官方简介;置信低;需认亲,不写梗概。原因是目前公开面没有找到能稳定落到这条**完整题名**的原发书页，只搜到一串“傻柱重生/四合院/从某某开始”的相近作品。,空,空,这条最像是**把多个常见四合院题名模板拼到了一起**。我能搜到《四合院这个傻柱不一样》《四合院：重生傻柱，五一开局》《四合院从傻柱身死开始》等一堆近似项，但没有一条能落到“从敲闷棍开始”这个完整名。既然原发不存在、近似项又太多，就不能硬认到别的傻柱文上。这里我倾向直接判死，避免错绑。,identity_r01.md,2026-07-19T05:21:16+08:00
公安局长之扫黑风暴,判死,高,无,,缺官方简介;置信低,不写梗概。原因是公开面几乎只剩匿名小说聚合站清一色挂“佚名”，没有任何能钉住原发平台、作者名、稳定章节链的证据。,空,空,这条不像正常在连载的网文条目，更像近期匿名站批量投放时生成的题名。所有能搜到的结果都长一个样：无作者，写“佚名”，站点又都是低质量聚合。没有起点、番茄、七猫、掌阅、17K、纵横、酷匠这类可落源头的平台痕迹。按你的规则，这种就该直接判死，而不是往高置信上硬凑。,identity_r01.md,2026-07-19T05:21:16+08:00
刚成老祖逼我赴死，我道果归一了,仍存疑,低,疑似 大白云的梦,原发平台未钉死,缺官方简介;置信低;需认亲,从现有公开索引看，这书卖点很明白：老祖开局、寿元将尽、宗门和家族逼其赴死，主角靠“诸我道果”在诸天平因果、回收修为寿元。属于“老祖流+诸天流+无女主+杀伐果断”那一型。设定是能立住的，但问题不在故事，而在**源头没钉住**。,`“穿越成寿元枯竭的金丹老祖……”`（节录，非原发页）,诸天流、老祖流、道果归一、无女主（低置信）,我能摸到一本“像真的”书，但现在还没法把“平台｜作者”这条锁死。TWKAN 给出作者“大白云的梦”和完整简介，说明不是纯空壳题名；但我没找到能直接证明其原发平台的官方书页。再加上 YouTube 侧大量口播搬运会放大假象，所以这里不能硬写高置信。最稳的做法是：**保留为存疑，待人工二次上平台搜原发**。,identity_r01.md,2026-07-19T05:21:16+08:00
重生空间八零,仍存疑,中,疑似《重生空间八零小媳妇》,QQ 阅读/起点体系,置信中低,如果把它按疑似对象来读，最像的是《重生空间八零小媳妇》：现代女性车祸后重生回八零年代，带着空间和身孕开局，后续走年代、家庭、养娃、感情与种田升级线。问题是你给我的条目只写到“重生空间八零”，这在公开面不足以唯一定位。,空,年代文、空间、重生、八零（低到中置信）,这条最大的问题就是**标题被截断**。公开面一搜“重生空间八零”，最强命中确实是《重生空间八零小媳妇》，但同时又存在《重生空间：八零小甜妻》《重生空间八零小悍妻》《重生空间八零俏佳人》等一批高度相似书名。也就是说，我能给出“疑似对象”，但还不能说“百分百就是它”。按你的规则，这种就该压成存疑，不该硬钉。,identity_r01.md,2026-07-19T05:21:16+08:00
重生之星际影,判死,中,无,,没找到;缺官方简介,不写梗概。原因是公开面搜不到能落在《重生之星际影》这个**完整题名**上的稳定书目，只能搜到《重生之星际影后归来》等更长、更完整的近似标题。,空,空,这条和《重生空间八零》有点像，但比它更虚。因为“重生之星际影”甚至没形成一个稳定的疑似对象，只能看到“重生之星际影后归来”这类更完整书名被动补全。没有作者名，没有平台名，也没有一个书页把这五个字当正式题名挂出来。我倾向把它当成**截断题名噪声**，直接判死更稳。,identity_r01.md,2026-07-19T05:21:16+08:00
