书名,章号,原表文件,切片数据行号,原表行号,evidence_id,fact_id,审阅行键,来源位置_沿用未核原文,结论,一句理由,审阅身份
炼气士不死于无限,1,lianqishi/01_落位表.csv,1,,LQ-0001,,LQ-0001,ch_0001.txt:L8,keep_as_fact,记录醒来时实际所处的地点，雾霭只是定位场景，不是单独凑气氛。,人话卡金标候选｜未独立人工复核
炼气士不死于无限,1,lianqishi/01_落位表.csv,2,,LQ-0002,,LQ-0002,ch_0001.txt:L10,keep_as_fact,这一行把血统作为已有身份设定陈述，没有猜测或未来条件。,人话卡金标候选｜未独立人工复核
炼气士不死于无限,1,lianqishi/01_落位表.csv,3,,LQ-0003,,LQ-0003,ch_0001.txt:L14,keep_as_fact,记录人物既有身世，属于背景事实候选。,人话卡金标候选｜未独立人工复核
炼气士不死于无限,1,lianqishi/01_落位表.csv,4,,LQ-0004,,LQ-0004,ch_0001.txt:L14,keep_as_fact,收养和收徒都按过去已发生的关系事件陈述，离屏不等于传闻。,人话卡金标候选｜未独立人工复核
炼气士不死于无限,1,lianqishi/01_落位表.csv,5,,LQ-0005,,LQ-0005,ch_0001.txt:L16,keep_as_fact,记录物品过去的取得经历，不是准备获取的目标。,人话卡金标候选｜未独立人工复核
炼气士不死于无限,1,lianqishi/01_落位表.csv,6,,LQ-0006,,LQ-0006,ch_0001.txt:L16,keep_as_fact,记录已经发生的传授与转交，不因落在多本账而排除。,人话卡金标候选｜未独立人工复核
炼气士不死于无限,1,lianqishi/01_落位表.csv,7,,LQ-0007,,LQ-0007,ch_0001.txt:L17,keep_as_fact,死亡及当时年龄都有明确过去时点，属于人物经历候选。,人话卡金标候选｜未独立人工复核
炼气士不死于无限,1,lianqishi/01_落位表.csv,8,,LQ-0008,,LQ-0008,ch_0001.txt:L17,keep_as_fact,料理后事和守孝是已做过的事，不是对人物孝顺与否的评价。,人话卡金标候选｜未独立人工复核
炼气士不死于无限,1,lianqishi/01_落位表.csv,9,,LQ-0009,,LQ-0009,ch_0001.txt:L18,keep_as_fact,这一行陈述作品中的境界划分，既定规则也属于事实候选。,人话卡金标候选｜未独立人工复核
炼气士不死于无限,1,lianqishi/01_落位表.csv,10,,LQ-0010,,LQ-0010,ch_0001.txt:L19,keep_as_fact,记录当前修为状态，没有把将来的突破写成已经完成。,人话卡金标候选｜未独立人工复核
炼气士不死于无限,1,lianqishi/01_落位表.csv,11,,LQ-0011,,LQ-0011,ch_0001.txt:L20,keep_as_fact,记录当前年龄，是明确的人物状态。,人话卡金标候选｜未独立人工复核
炼气士不死于无限,1,lianqishi/01_落位表.csv,12,,LQ-0012,,LQ-0012,ch_0001.txt:L21,keep_as_fact,已经开始准备是发生过的行动，但这行没有证明突破成功。,人话卡金标候选｜未独立人工复核
炼气士不死于无限,1,lianqishi/01_落位表.csv,13,,LQ-0013,,LQ-0013,ch_0001.txt:L24,keep_as_fact,记录一次实际作答，保留的是回应行为。,人话卡金标候选｜未独立人工复核
炼气士不死于无限,1,lianqishi/01_落位表.csv,14,,LQ-0014,,LQ-0014,ch_0001.txt:L25,keep_as_fact,记录回答后的跨界转移，没有额外断言回答必然触发转移的普遍规则。,人话卡金标候选｜未独立人工复核
炼气士不死于无限,1,lianqishi/01_落位表.csv,15,,LQ-0015,,LQ-0015,ch_0001.txt:L26,keep_as_fact,记录面板实际出现，是可定位的场景事件。,人话卡金标候选｜未独立人工复核
炼气士不死于无限,1,lianqishi/01_落位表.csv,16,,LQ-0016,,LQ-0016,ch_0001.txt:L28,keep_as_fact,保留面板显示的等级这一读数，不把它扩成独立核实的实力结论。,人话卡金标候选｜未独立人工复核
炼气士不死于无限,1,lianqishi/01_落位表.csv,17,,LQ-0017,,LQ-0017,ch_0001.txt:L30,mark_hearsay,世界历史来自面板介绍，不能直接当成已核实的旁白事实。,人话卡金标候选｜未独立人工复核
炼气士不死于无限,1,lianqishi/01_落位表.csv,18,,LQ-0018,,LQ-0018,ch_0001.txt:L31,mark_hearsay,企业统治手段来自面板说明，这行没有独立事件证实其内容。,人话卡金标候选｜未独立人工复核
炼气士不死于无限,1,lianqishi/01_落位表.csv,19,,LQ-0019,,LQ-0019,ch_0001.txt:L32,mark_hearsay,总部地点来自面板介绍，来源不能在落成地点事实时消失。,人话卡金标候选｜未独立人工复核
炼气士不死于无限,1,lianqishi/01_落位表.csv,20,,LQ-0020,,LQ-0020,ch_0001.txt:L35,keep_as_fact,任务已经发布，发布行为本身属于发生过的事。,人话卡金标候选｜未独立人工复核
炼气士不死于无限,1,lianqishi/01_落位表.csv,21,,LQ-0021,,LQ-0021,ch_0001.txt:L36,keep_as_fact,保留已发布任务的要求，不表示人物已经完成生存时限。,人话卡金标候选｜未独立人工复核
炼气士不死于无限,1,lianqishi/01_落位表.csv,22,,LQ-0022,,LQ-0022,ch_0001.txt:L36,keep_as_fact,保留任务公布的禁区与处罚条件，不表示已经越界或受罚。,人话卡金标候选｜未独立人工复核
炼气士不死于无限,1,lianqishi/01_落位表.csv,23,,LQ-0023,,LQ-0023,ch_0001.txt:L38,keep_as_fact,保留任务列出的条件奖励，不表示奖励已经到账。,人话卡金标候选｜未独立人工复核
炼气士不死于无限,1,lianqishi/01_落位表.csv,24,,LQ-0024,,LQ-0024,ch_0001.txt:L39,keep_as_fact,翻译功能按已经开启陈述，属于当前可用状态候选。,人话卡金标候选｜未独立人工复核
炼气士不死于无限,1,lianqishi/01_落位表.csv,25,,LQ-0025,,LQ-0025,ch_0001.txt:L41,keep_as_fact,保留人物这次自检未见异常的结果，不扩大为任何异常都不存在。,人话卡金标候选｜未独立人工复核
炼气士不死于无限,1,lianqishi/01_落位表.csv,26,,LQ-0026,,LQ-0026,ch_0001.txt:L43,keep_as_fact,这一行以既定机制陈述征召与派遣方式，不是某次任务完成记录。,人话卡金标候选｜未独立人工复核
炼气士不死于无限,1,lianqishi/01_落位表.csv,27,,LQ-0027,,LQ-0027,ch_0001.txt:L44,keep_as_fact,这一行陈述平台已有功能，属于规则或设施状态候选。,人话卡金标候选｜未独立人工复核
炼气士不死于无限,1,lianqishi/01_落位表.csv,28,,LQ-0028,,LQ-0028,ch_0001.txt:L67,keep_as_fact,记录城区上方的具体设施及位置，不只是气氛描写。,人话卡金标候选｜未独立人工复核
炼气士不死于无限,1,lianqishi/01_落位表.csv,29,,LQ-0029,,LQ-0029,ch_0001.txt:L69,keep_as_fact,记录城区产业设施和运行状态，有具体地点与对象。,人话卡金标候选｜未独立人工复核
炼气士不死于无限,1,lianqishi/01_落位表.csv,30,,LQ-0030,,LQ-0030,ch_0001.txt:L72,mark_hearsay,城市归属是松酒的认识，不能因账本标成知道就当成已核实产权。,人话卡金标候选｜未独立人工复核
炼气士不死于无限,1,lianqishi/01_落位表.csv,31,,LQ-0031,,LQ-0031,ch_0001.txt:L78,keep_as_fact,这一行直接给出人物年龄，没有附带推测口气。,人话卡金标候选｜未独立人工复核
炼气士不死于无限,1,lianqishi/01_落位表.csv,32,,LQ-0032,,LQ-0032,ch_0001.txt:L78,cannot_confirm_without_body,附注说明意图是从目光和行为推出来的，缺正文无法确认这项动机。,人话卡金标候选｜未独立人工复核
炼气士不死于无限,1,lianqishi/01_落位表.csv,33,,LQ-0033,,LQ-0033,ch_0001.txt:L88,keep_as_fact,保留已经发生的威胁行为，威胁中自称知道住址不另获事实背书。,人话卡金标候选｜未独立人工复核
炼气士不死于无限,1,lianqishi/01_落位表.csv,34,,LQ-0034,,LQ-0034,ch_0001.txt:L90,keep_as_fact,这一行直接陈述已有组织挂靠关系，没有转述或猜测标记。,人话卡金标候选｜未独立人工复核
炼气士不死于无限,1,lianqishi/01_落位表.csv,35,,LQ-0035,,LQ-0035,ch_0001.txt:L106,keep_as_fact,记录出手及对方被击飞的实际结果。,人话卡金标候选｜未独立人工复核
炼气士不死于无限,1,lianqishi/01_落位表.csv,36,,LQ-0036,,LQ-0036,ch_0001.txt:L109,keep_as_fact,记录当场发出的交谈请求，不表示对方已答应或谈话已完成。,人话卡金标候选｜未独立人工复核
炼气士不死于无限,2,lianqishi/01_落位表.csv,37,,LQ-0037,,LQ-0037,ch_0002.txt:L6,keep_as_fact,记录松酒当时没看清动作的观察局限，不把不知道补成知道。,人话卡金标候选｜未独立人工复核
炼气士不死于无限,2,lianqishi/01_落位表.csv,38,,LQ-0038,,LQ-0038,ch_0002.txt:L13,keep_as_fact,保留这次义眼扫描所得结果，不扩成任何检测都不会发现植入物。,人话卡金标候选｜未独立人工复核
炼气士不死于无限,2,lianqishi/01_落位表.csv,39,,LQ-0039,,LQ-0039,ch_0002.txt:L15,keep_as_fact,记录已经发起的攻击，不是战斗意图或能力评价。,人话卡金标候选｜未独立人工复核
炼气士不死于无限,2,lianqishi/01_落位表.csv,40,,LQ-0040,,LQ-0040,ch_0002.txt:L18,keep_as_fact,记录实际施出的动作及可见表现。,人话卡金标候选｜未独立人工复核
炼气士不死于无限,2,lianqishi/01_落位表.csv,41,,LQ-0041,,LQ-0041,ch_0002.txt:L20,keep_as_fact,记录攻击造成的义肢损毁，是事件及直接状态变化。,人话卡金标候选｜未独立人工复核
炼气士不死于无限,2,lianqishi/01_落位表.csv,42,,LQ-0042,,LQ-0042,ch_0002.txt:L23,keep_as_fact,停止冲突和离开都有实际行为，不是只说打算逃跑。,人话卡金标候选｜未独立人工复核
炼气士不死于无限,2,lianqishi/01_落位表.csv,43,,LQ-0043,,LQ-0043,ch_0002.txt:L25,mark_hearsay,这行的组织关系来自松酒转述，不能把转述标签省掉。,人话卡金标候选｜未独立人工复核
炼气士不死于无限,2,lianqishi/01_落位表.csv,44,,LQ-0044,,LQ-0044,ch_0002.txt:L25,drop_not_for_card,只是提议带人躲避，候选本行没有记载带离已经发生。,人话卡金标候选｜未独立人工复核
炼气士不死于无限,2,lianqishi/01_落位表.csv,45,,LQ-0045,,LQ-0045,ch_0002.txt:L28,mark_hearsay,年龄在这行是闻业的估计，别把估计写成精确确认。,人话卡金标候选｜未独立人工复核
炼气士不死于无限,2,lianqishi/01_落位表.csv,46,,LQ-0046,,LQ-0046,ch_0002.txt:L30,keep_as_fact,记录当时具体穿着，属于可见的人物状态。,人话卡金标候选｜未独立人工复核
炼气士不死于无限,2,lianqishi/01_落位表.csv,47,,LQ-0047,,LQ-0047,ch_0002.txt:L37,keep_as_fact,保留闻业当次识别义眼的观察结果，不推导其他植入情况。,人话卡金标候选｜未独立人工复核
炼气士不死于无限,2,lianqishi/01_落位表.csv,48,,LQ-0048,,LQ-0048,ch_0002.txt:L40,keep_as_fact,只记录没有明显植入的外观范围，不等于体内绝无其他植入。,人话卡金标候选｜未独立人工复核
炼气士不死于无限,2,lianqishi/01_落位表.csv,49,,LQ-0049,,LQ-0049,ch_0002.txt:L43,mark_hearsay,攻击手段是松酒的理解，不能把她的黑客解释当作真实攻击机制。,人话卡金标候选｜未独立人工复核
炼气士不死于无限,2,lianqishi/01_落位表.csv,50,,LQ-0050,,LQ-0050,ch_0002.txt:L44,mark_hearsay,放人的用意来自闻业自述，不能把自述动机直接当成旁白确认。,人话卡金标候选｜未独立人工复核
炼气士不死于无限,2,lianqishi/01_落位表.csv,51,,LQ-0051,,LQ-0051,ch_0002.txt:L46,mark_hearsay,这是松酒对对方状况的猜测，既不能诊断患病，也不能单凭标签确认误信。,人话卡金标候选｜未独立人工复核
炼气士不死于无限,2,lianqishi/01_落位表.csv,52,,LQ-0052,,LQ-0052,ch_0002.txt:L47,keep_as_fact,记录实际提出的问题，不把问题里的未来打算当成事实。,人话卡金标候选｜未独立人工复核
炼气士不死于无限,2,lianqishi/01_落位表.csv,53,,LQ-0053,,LQ-0053,ch_0002.txt:L56,drop_not_for_card,只有接下来去哪里的决定，本行没有相应行动或到达结果。,人话卡金标候选｜未独立人工复核
炼气士不死于无限,2,lianqishi/01_落位表.csv,54,,LQ-0054,,LQ-0054,ch_0002.txt:L58,keep_as_fact,直接陈述住处所在区域，属于已有地点关系候选。,人话卡金标候选｜未独立人工复核
炼气士不死于无限,2,lianqishi/01_落位表.csv,55,,LQ-0055,,LQ-0055,ch_0002.txt:L61,mark_hearsay,住处与管道的位置关系来自松酒说明，不能去掉人物来源。,人话卡金标候选｜未独立人工复核
炼气士不死于无限,2,lianqishi/01_落位表.csv,56,,LQ-0056,,LQ-0056,ch_0002.txt:L65,mark_hearsay,父母死亡经历只有松酒陈述，不能因写成离屏就直接确认死因与场所。,人话卡金标候选｜未独立人工复核
炼气士不死于无限,2,lianqishi/01_落位表.csv,57,,LQ-0057,,LQ-0057,ch_0002.txt:L68,keep_as_fact,记录当场拿出并交给对方的物品行为。,人话卡金标候选｜未独立人工复核
炼气士不死于无限,2,lianqishi/01_落位表.csv,58,,LQ-0058,,LQ-0058,ch_0002.txt:L72,mark_hearsay,失踪人数来自新闻标题，不是本轮核实过的事件总数。,人话卡金标候选｜未独立人工复核
炼气士不死于无限,2,lianqishi/01_落位表.csv,59,,LQ-0059,,LQ-0059,ch_0002.txt:L77,mark_hearsay,就医数据和原因解释都来自调查图，尤其不能把解释当成已证实因果。,人话卡金标候选｜未独立人工复核
炼气士不死于无限,2,lianqishi/01_落位表.csv,60,,LQ-0060,,LQ-0060,ch_0002.txt:L80,mark_hearsay,工程进展来自视频说法，不等于本轮确认项目实际进度。,人话卡金标候选｜未独立人工复核
炼气士不死于无限,2,lianqishi/01_落位表.csv,61,,LQ-0061,,LQ-0061,ch_0002.txt:L86,mark_hearsay,支出情况来自松酒自述，不应直接写成已核实的财务记录。,人话卡金标候选｜未独立人工复核
炼气士不死于无限,2,lianqishi/01_落位表.csv,62,,LQ-0062,,LQ-0062,ch_0002.txt:L91,keep_as_fact,记录人物已有的设备使用经历，属于过往经验候选。,人话卡金标候选｜未独立人工复核
炼气士不死于无限,2,lianqishi/01_落位表.csv,63,,LQ-0063,,LQ-0063,ch_0002.txt:L92,keep_as_fact,记录人物平日接触过的媒介，不是对作品好坏的评价。,人话卡金标候选｜未独立人工复核
炼气士不死于无限,2,lianqishi/01_落位表.csv,64,,LQ-0064,,LQ-0064,ch_0002.txt:L94,keep_as_fact,记录既往接触和已知概念，不因附有知情落账说明而改判。,人话卡金标候选｜未独立人工复核
炼气士不死于无限,2,lianqishi/01_落位表.csv,65,,LQ-0065,,LQ-0065,ch_0002.txt:L100,drop_not_for_card,核心内容是将来积攒功德的打算，没有已经实施的对应结果。,人话卡金标候选｜未独立人工复核
炼气士不死于无限,2,lianqishi/01_落位表.csv,66,,LQ-0066,,LQ-0066,ch_0002.txt:L107,keep_as_fact,记录同一次接近事件中两人的察觉先后，不把感知范围无限扩大。,人话卡金标候选｜未独立人工复核
炼气士不死于无限,2,lianqishi/01_落位表.csv,67,,LQ-0067,,LQ-0067,ch_0002.txt:L110,keep_as_fact,返回住处和门外叫喊都属于已经发生的行动。,人话卡金标候选｜未独立人工复核
炼气士不死于无限,15,lianqishi/01_落位表.csv,68,,LQ-0441,,LQ-0441,ch_0015.txt:L8,keep_as_fact,记录帮派规模，原行的约数不等于精确清点结果。,人话卡金标候选｜未独立人工复核
炼气士不死于无限,15,lianqishi/01_落位表.csv,69,,LQ-0442,,LQ-0442,ch_0015.txt:L8,keep_as_fact,记录限定时段内的死伤状态，不能把死伤全部算成死亡。,人话卡金标候选｜未独立人工复核
炼气士不死于无限,15,lianqishi/01_落位表.csv,70,,LQ-0443,,LQ-0443,ch_0015.txt:L14,drop_not_for_card,活捉与逼问仍是准备采取的做法，本行没有行动结果。,人话卡金标候选｜未独立人工复核
炼气士不死于无限,15,lianqishi/01_落位表.csv,71,,LQ-0444,,LQ-0444,ch_0015.txt:L17,drop_not_for_card,只有献出技术换利益的打算，没有技术到手或交易发生。,人话卡金标候选｜未独立人工复核
炼气士不死于无限,15,lianqishi/01_落位表.csv,72,,LQ-0445,,LQ-0445,ch_0015.txt:L24,keep_as_fact,记录驾驶装甲替人挡击的实际动作。,人话卡金标候选｜未独立人工复核
炼气士不死于无限,15,lianqishi/01_落位表.csv,73,,LQ-0446,,LQ-0446,ch_0015.txt:L25,keep_as_fact,记录装备承受这一次攻击后的状态，不扩大为绝对无法摧毁。,人话卡金标候选｜未独立人工复核
炼气士不死于无限,15,lianqishi/01_落位表.csv,74,,LQ-0447,,LQ-0447,ch_0015.txt:L26,keep_as_fact,记录装备型号属性与所述内部售价，不是评价其是否值得购买。,人话卡金标候选｜未独立人工复核
炼气士不死于无限,15,lianqishi/01_落位表.csv,75,,LQ-0448,,LQ-0448,ch_0015.txt:L27,keep_as_fact,服役与取得装备都按既往经历陈述，不因离屏而排除。,人话卡金标候选｜未独立人工复核
炼气士不死于无限,15,lianqishi/01_落位表.csv,76,,LQ-0449,,LQ-0449,ch_0015.txt:L28,keep_as_fact,记录这台装备已有的定制属性。,人话卡金标候选｜未独立人工复核
炼气士不死于无限,15,lianqishi/01_落位表.csv,77,,LQ-0450,,LQ-0450,ch_0015.txt:L31,cannot_confirm_without_body,王牌可能是具体履历，也可能只是夸赞，缺正文无法分清。,人话卡金标候选｜未独立人工复核
炼气士不死于无限,15,lianqishi/01_落位表.csv,78,,LQ-0451,,LQ-0451,ch_0015.txt:L33,keep_as_fact,保留系统显示的匹配读数，不把读数当成实战表现评分。,人话卡金标候选｜未独立人工复核
炼气士不死于无限,15,lianqishi/01_落位表.csv,79,,LQ-0452,,LQ-0452,ch_0015.txt:L37,keep_as_fact,命令已经发出，但本行不证明对方已经完成组织反击。,人话卡金标候选｜未独立人工复核
炼气士不死于无限,15,lianqishi/01_落位表.csv,80,,LQ-0453,,LQ-0453,ch_0015.txt:L38,mark_hearsay,防御弱点是巴托特的战术判断，不是已经验证的能力短板。,人话卡金标候选｜未独立人工复核
炼气士不死于无限,15,lianqishi/01_落位表.csv,81,,LQ-0454,,LQ-0454,ch_0015.txt:L49,keep_as_fact,记录碰撞后双方实际退移的结果。,人话卡金标候选｜未独立人工复核
炼气士不死于无限,15,lianqishi/01_落位表.csv,82,,LQ-0455,,LQ-0455,ch_0015.txt:L53,mark_hearsay,力量比较来自闻业当时的判断，不宜直接写成不受条件限制的强弱设定。,人话卡金标候选｜未独立人工复核
炼气士不死于无限,15,lianqishi/01_落位表.csv,83,,LQ-0456,,LQ-0456,ch_0015.txt:L62,keep_as_fact,记录已经使用的攻击手段及原行给出的温度范围。,人话卡金标候选｜未独立人工复核
炼气士不死于无限,15,lianqishi/01_落位表.csv,84,,LQ-0457,,LQ-0457,ch_0015.txt:L62,keep_as_fact,记录这次防护成功及不稳定表现，不宣称防护可以一直维持。,人话卡金标候选｜未独立人工复核
炼气士不死于无限,15,lianqishi/01_落位表.csv,85,,LQ-0458,,LQ-0458,ch_0015.txt:L63,keep_as_fact,记录符箓品级和人物当时掌握范围内的防御能力设定。,人话卡金标候选｜未独立人工复核
炼气士不死于无限,15,lianqishi/01_落位表.csv,86,,LQ-0459,,LQ-0459,ch_0015.txt:L71,keep_as_fact,记录作品中的防御装备分类，属于已有规则信息候选。,人话卡金标候选｜未独立人工复核
炼气士不死于无限,15,lianqishi/01_落位表.csv,87,,LQ-0460,,LQ-0460,ch_0015.txt:L72,mark_hearsay,兼抗两类攻击是巴托特的认识，这行的人物来源不能省略。,人话卡金标候选｜未独立人工复核
炼气士不死于无限,15,lianqishi/01_落位表.csv,88,,LQ-0461,,LQ-0461,ch_0015.txt:L74,mark_hearsay,企业背景只是巴托特的怀疑，不能写成实际组织隶属。,人话卡金标候选｜未独立人工复核
炼气士不死于无限,15,lianqishi/01_落位表.csv,89,,LQ-0462,,LQ-0462,ch_0015.txt:L75,drop_not_for_card,只有短暂浮现的谈判念头，没有作出选择或展开谈判。,人话卡金标候选｜未独立人工复核
炼气士不死于无限,15,lianqishi/01_落位表.csv,90,,LQ-0463,,LQ-0463,ch_0015.txt:L79,keep_as_fact,选择之后已有继续冲锋的实际行动，不是纯未来计划。,人话卡金标候选｜未独立人工复核
炼气士不死于无限,15,lianqishi/01_落位表.csv,91,,LQ-0464,,LQ-0464,ch_0015.txt:L85,keep_as_fact,保留符箓的运作条件与承受上限，不表示本行已发生超限崩溃。,人话卡金标候选｜未独立人工复核
炼气士不死于无限,15,lianqishi/01_落位表.csv,92,,LQ-0465,,LQ-0465,ch_0015.txt:L87,keep_as_fact,记录此时剩余法力，属于有时间范围的资源状态。,人话卡金标候选｜未独立人工复核
炼气士不死于无限,15,lianqishi/01_落位表.csv,93,,LQ-0466,,LQ-0466,ch_0015.txt:L88,keep_as_fact,记录实际灌注法力的行为，不是预计消耗。,人话卡金标候选｜未独立人工复核
炼气士不死于无限,15,lianqishi/01_落位表.csv,94,,LQ-0467,,LQ-0467,ch_0015.txt:L94,keep_as_fact,记录攻击造成的装甲与电路破坏。,人话卡金标候选｜未独立人工复核
炼气士不死于无限,15,lianqishi/01_落位表.csv,95,,LQ-0468,,LQ-0468,ch_0015.txt:L106,drop_not_for_card,只是对战局优势的概括，未给出独立的具体动作或状态变化。,人话卡金标候选｜未独立人工复核
炼气士不死于无限,15,lianqishi/01_落位表.csv,96,,LQ-0469,,LQ-0469,ch_0015.txt:L112,keep_as_fact,记录装甲被击垮的明确战斗结果。,人话卡金标候选｜未独立人工复核
炼气士不死于无限,15,lianqishi/01_落位表.csv,97,,LQ-0470,,LQ-0470,ch_0015.txt:L115,keep_as_fact,记录具体伤处和候选明确给出的受伤原因。,人话卡金标候选｜未独立人工复核
炼气士不死于无限,15,lianqishi/01_落位表.csv,98,,LQ-0471,,LQ-0471,ch_0015.txt:L119,keep_as_fact,记录战后倒卧及失去行动能力等状态，不是未来受伤预测。,人话卡金标候选｜未独立人工复核
炼气士不死于无限,15,lianqishi/01_落位表.csv,99,,LQ-0472,,LQ-0472,ch_0015.txt:L137,mark_hearsay,政治立场的确认归于巴托特认识，不能凭知道标签抹去人物来源。,人话卡金标候选｜未独立人工复核
炼气士不死于无限,15,lianqishi/01_落位表.csv,100,,LQ-0473,,LQ-0473,ch_0015.txt:L144,keep_as_fact,记录实际下达的指令，不把指令目标当成双方已经死亡。,人话卡金标候选｜未独立人工复核
炼气士不死于无限,15,lianqishi/01_落位表.csv,101,,LQ-0474,,LQ-0474,ch_0015.txt:L145,keep_as_fact,记录指令后的爆炸及环境变化，是候选明确陈述的结果。,人话卡金标候选｜未独立人工复核
炼气士不死于无限,16,lianqishi/01_落位表.csv,102,,LQ-0475,,LQ-0475,ch_0016.txt:L9,keep_as_fact,记录爆炸后生还、爬出及受伤状态。,人话卡金标候选｜未独立人工复核
炼气士不死于无限,16,lianqishi/01_落位表.csv,103,,LQ-0476,,LQ-0476,ch_0016.txt:L12,keep_as_fact,记录衣物在已发生爆炸中的损毁。,人话卡金标候选｜未独立人工复核
炼气士不死于无限,16,lianqishi/01_落位表.csv,104,,LQ-0477,,LQ-0477,ch_0016.txt:L13,keep_as_fact,说明已经发出的指令内容，不是新提出的未来自爆计划。,人话卡金标候选｜未独立人工复核
炼气士不死于无限,16,lianqishi/01_落位表.csv,105,,LQ-0478,,LQ-0478,ch_0016.txt:L14,keep_as_fact,记录装甲已有的能源配置，属于物品属性候选。,人话卡金标候选｜未独立人工复核
炼气士不死于无限,16,lianqishi/01_落位表.csv,106,,LQ-0479,,LQ-0479,ch_0016.txt:L16,keep_as_fact,记录爆炸造成的地形变化，尺寸仍保留原有约数范围。,人话卡金标候选｜未独立人工复核
炼气士不死于无限,16,lianqishi/01_落位表.csv,107,,LQ-0480,,LQ-0480,ch_0016.txt:L16,keep_as_fact,记录建筑损毁和外围坍塌的实际后果。,人话卡金标候选｜未独立人工复核
炼气士不死于无限,16,lianqishi/01_落位表.csv,108,,LQ-0481,,LQ-0481,ch_0016.txt:L18,keep_as_fact,记录已经使用的抵挡手段和防护结果，不推算其他未发生伤势。,人话卡金标候选｜未独立人工复核
炼气士不死于无限,16,lianqishi/01_落位表.csv,109,,LQ-0482,,LQ-0482,ch_0016.txt:L21,drop_not_for_card,内容仍是以后如何防备的计划，决策落账不等于防备行动已发生。,人话卡金标候选｜未独立人工复核
炼气士不死于无限,16,lianqishi/01_落位表.csv,110,,LQ-0483,,LQ-0483,ch_0016.txt:L24,keep_as_fact,记录自爆后的剩余法力，没有写成永不耗尽。,人话卡金标候选｜未独立人工复核
炼气士不死于无限,16,lianqishi/01_落位表.csv,111,,LQ-0484,,LQ-0484,ch_0016.txt:L25,keep_as_fact,这一行把功法与血脉的作用作为既有人物能力设定陈述。,人话卡金标候选｜未独立人工复核
炼气士不死于无限,16,lianqishi/01_落位表.csv,112,,LQ-0485,,LQ-0485,ch_0016.txt:L27,keep_as_fact,记录当下的轻度疲惫状态。,人话卡金标候选｜未独立人工复核
炼气士不死于无限,16,lianqishi/01_落位表.csv,113,,LQ-0486,,LQ-0486,ch_0016.txt:L28,keep_as_fact,记录安定作用的边界，属于能力限制而非空泛评价。,人话卡金标候选｜未独立人工复核
炼气士不死于无限,16,lianqishi/01_落位表.csv,114,,LQ-0487,,LQ-0487,ch_0016.txt:L29,keep_as_fact,记录已施法造成的神魂消耗。,人话卡金标候选｜未独立人工复核
炼气士不死于无限,16,lianqishi/01_落位表.csv,115,,LQ-0488,,LQ-0488,ch_0016.txt:L33,mark_hearsay,对手等级是闻业的估计，不能直接固定为客观战力档位。,人话卡金标候选｜未独立人工复核
炼气士不死于无限,16,lianqishi/01_落位表.csv,116,,LQ-0489,,LQ-0489,ch_0016.txt:L33,mark_hearsay,死亡结论归于闻业判断，这一行没有说明独立核实依据。,人话卡金标候选｜未独立人工复核
炼气士不死于无限,16,lianqishi/01_落位表.csv,117,,LQ-0490,,LQ-0490,ch_0016.txt:L37,mark_hearsay,主要威胁的排序是闻业的风险判断，不是已经发生的企业攻击。,人话卡金标候选｜未独立人工复核
炼气士不死于无限,16,lianqishi/01_落位表.csv,118,,LQ-0491,,LQ-0491,ch_0016.txt:L38,keep_as_fact,记录实际取物和换装，人物穿着已有变化。,人话卡金标候选｜未独立人工复核
炼气士不死于无限,16,lianqishi/01_落位表.csv,119,,LQ-0492,,LQ-0492,ch_0016.txt:L39,keep_as_fact,记录储物戒当前所存物品的类别。,人话卡金标候选｜未独立人工复核
炼气士不死于无限,16,lianqishi/01_落位表.csv,120,,LQ-0493,,LQ-0493,ch_0016.txt:L40,keep_as_fact,虽然带有取书目的，但取得功法是已经发生的经历。,人话卡金标候选｜未独立人工复核
炼气士不死于无限,16,lianqishi/01_落位表.csv,121,,LQ-0494,,LQ-0494,ch_0016.txt:L45,keep_as_fact,记录警车实际抵达及停留位置。,人话卡金标候选｜未独立人工复核
炼气士不死于无限,16,lianqishi/01_落位表.csv,122,,LQ-0495,,LQ-0495,ch_0016.txt:L48,keep_as_fact,记录警官已有任职经历，不是对办案能力的评价。,人话卡金标候选｜未独立人工复核
炼气士不死于无限,16,lianqishi/01_落位表.csv,123,,LQ-0496,,LQ-0496,ch_0016.txt:L53,keep_as_fact,这一行把旧案作为已处理的经历陈述，不是当前发生的新案。,人话卡金标候选｜未独立人工复核
炼气士不死于无限,16,lianqishi/01_落位表.csv,124,,LQ-0497,,LQ-0497,ch_0016.txt:L54,keep_as_fact,记录既往事故及处理经历，过去发生不等于本章新发生。,人话卡金标候选｜未独立人工复核
炼气士不死于无限,16,lianqishi/01_落位表.csv,125,,LQ-0498,,LQ-0498,ch_0016.txt:L71,mark_hearsay,熔毁与人员结局来自警官的确认，这行不能代替对遗骸身份的核实。,人话卡金标候选｜未独立人工复核
炼气士不死于无限,16,lianqishi/01_落位表.csv,126,,LQ-0499,,LQ-0499,ch_0016.txt:L77,keep_as_fact,记录已发出的命令，不据此推定每名警员都已照做。,人话卡金标候选｜未独立人工复核
炼气士不死于无限,16,lianqishi/01_落位表.csv,127,,LQ-0500,,LQ-0500,ch_0016.txt:L84,keep_as_fact,记录实际删除录像和关闭设备的行为。,人话卡金标候选｜未独立人工复核
炼气士不死于无限,16,lianqishi/01_落位表.csv,128,,LQ-0501,,LQ-0501,ch_0016.txt:L87,keep_as_fact,记录战斗死亡人数的约数，不能与较早的死伤统计混为一项。,人话卡金标候选｜未独立人工复核
炼气士不死于无限,16,lianqishi/01_落位表.csv,129,,LQ-0502,,LQ-0502,ch_0016.txt:L100,mark_hearsay,人员数量与任务分布来自警官陈述，本行没有独立核验。,人话卡金标候选｜未独立人工复核
炼气士不死于无限,16,lianqishi/01_落位表.csv,130,,LQ-0503,,LQ-0503,ch_0016.txt:L101,mark_hearsay,警局依赖帮派的原因来自警官解释，不能升成已证实制度因果。,人话卡金标候选｜未独立人工复核
炼气士不死于无限,16,lianqishi/01_落位表.csv,131,,LQ-0504,,LQ-0504,ch_0016.txt:L105,keep_as_fact,保留警官作出的现场定性，不表示现场真无问题或报警确属虚假。,人话卡金标候选｜未独立人工复核
炼气士不死于无限,16,lianqishi/01_落位表.csv,132,,LQ-0505,,LQ-0505,ch_0016.txt:L120,drop_not_for_card,筹借悬赏金仍是临时决定，本行没有实际借款或付款。,人话卡金标候选｜未独立人工复核
炼气士不死于无限,16,lianqishi/01_落位表.csv,133,,LQ-0506,,LQ-0506,ch_0016.txt:L127,keep_as_fact,记录候选直接列明的帮派现有资产类别。,人话卡金标候选｜未独立人工复核
炼气士不死于无限,16,lianqishi/01_落位表.csv,134,,LQ-0507,,LQ-0507,ch_0016.txt:L130,drop_not_for_card,只有设立资金的提议，没有拨款或资金设立结果。,人话卡金标候选｜未独立人工复核
炼气士不死于无限,16,lianqishi/01_落位表.csv,135,,LQ-0508,,LQ-0508,ch_0016.txt:L136,drop_not_for_card,说的是未来拨款随查获额变化的设想，不是现有资金事实。,人话卡金标候选｜未独立人工复核
炼气士不死于无限,16,lianqishi/01_落位表.csv,136,,LQ-0509,,LQ-0509,ch_0016.txt:L138,drop_not_for_card,汇报与限时答复都还在决定和承诺阶段，本行没有履行结果。,人话卡金标候选｜未独立人工复核
炼气士不死于无限,16,lianqishi/01_落位表.csv,137,,LQ-0510,,LQ-0510,ch_0016.txt:L141,drop_not_for_card,只表达合作期待，没有已经达成的合作关系或行动。,人话卡金标候选｜未独立人工复核
炼气士不死于无限,16,lianqishi/01_落位表.csv,138,,LQ-0511,,LQ-0511,ch_0016.txt:L147,keep_as_fact,警告已经向警员发出，但其中的条件报复没有被记成已经发生。,人话卡金标候选｜未独立人工复核
我在美恐科普都市传说,1,meikong/01_落位表.csv,1,,,MK-CH01-F001,MK-CH01-F001,chapters/ch_0001.txt:L6-L8,keep_as_fact,附带短证据直接交代开场时地，属于场景定位事实。,人话卡金标候选｜未独立人工复核
我在美恐科普都市传说,1,meikong/01_落位表.csv,2,,,MK-CH01-F002,MK-CH01-F002,chapters/ch_0001.txt:L8-L14,keep_as_fact,短证据记录收尾录制及结束语，保留录制行为，不背书节目中的全部说法。,人话卡金标候选｜未独立人工复核
我在美恐科普都市传说,1,meikong/01_落位表.csv,3,,,MK-CH01-F003,MK-CH01-F003,chapters/ch_0001.txt:L9-L10,mark_hearsay,废屋解释是主持人的自述，节目说过不等于怪叫原因已证实。,人话卡金标候选｜未独立人工复核
我在美恐科普都市传说,1,meikong/01_落位表.csv,4,,,MK-CH01-F004,MK-CH01-F004,chapters/ch_0001.txt:L11-L11,mark_hearsay,邻居身份来自主持人说法，不能直接确认犯罪身份或排除其他身份。,人话卡金标候选｜未独立人工复核
我在美恐科普都市传说,1,meikong/01_落位表.csv,5,,,MK-CH01-F005,MK-CH01-F005,chapters/ch_0001.txt:L12-L13,keep_as_fact,保留节目已发出的线索征集邀请，不把主持人自称必真当成真实性保证。,人话卡金标候选｜未独立人工复核
我在美恐科普都市传说,1,meikong/01_落位表.csv,6,,,MK-CH01-F006,MK-CH01-F006,chapters/ch_0001.txt:L15-L16,keep_as_fact,短证据直接呈现取书、翻页和文字出现。,人话卡金标候选｜未独立人工复核
我在美恐科普都市传说,1,meikong/01_落位表.csv,7,,,MK-CH01-F007,MK-CH01-F007,chapters/ch_0001.txt:L17-L24,keep_as_fact,保留记录簿显示的条目和奖励信息，不把显示值当成本次抽取准确率。,人话卡金标候选｜未独立人工复核
我在美恐科普都市传说,1,meikong/01_落位表.csv,8,,,MK-CH01-F008,MK-CH01-F008,chapters/ch_0001.txt:L25-L25,keep_as_fact,附带叙述把父母失踪列为既往经历，没有说明失踪原因。,人话卡金标候选｜未独立人工复核
我在美恐科普都市传说,1,meikong/01_落位表.csv,9,,,MK-CH01-F009,MK-CH01-F009,chapters/ch_0001.txt:L25-L25,keep_as_fact,记录簿出现的时间顺序有短证据，不额外推断父母失踪导致其出现。,人话卡金标候选｜未独立人工复核
我在美恐科普都市传说,1,meikong/01_落位表.csv,10,,,MK-CH01-F010,MK-CH01-F010,chapters/ch_0001.txt:L26-L26,keep_as_fact,短证据明确记载人物获得用法信息。,人话卡金标候选｜未独立人工复核
我在美恐科普都市传说,1,meikong/01_落位表.csv,11,,,MK-CH01-F011,MK-CH01-F011,chapters/ch_0001.txt:L27-L28,keep_as_fact,短证据给出记录与解锁条件，属于物品规则而非某次奖励已领取。,人话卡金标候选｜未独立人工复核
我在美恐科普都市传说,1,meikong/01_落位表.csv,12,,,MK-CH01-F012,MK-CH01-F012,chapters/ch_0001.txt:L29-L29,keep_as_fact,附带叙述直接给出不可见与忽略查看动作的物品效果。,人话卡金标候选｜未独立人工复核
我在美恐科普都市传说,1,meikong/01_落位表.csv,13,,,MK-CH01-F013,MK-CH01-F013,chapters/ch_0001.txt:L30-L30,keep_as_fact,丢弃后回到身边有明确试验经过，不只是人物猜测。,人话卡金标候选｜未独立人工复核
我在美恐科普都市传说,1,meikong/01_落位表.csv,14,,,MK-CH01-F014,MK-CH01-F014,chapters/ch_0001.txt:L31-L32,keep_as_fact,记录持续多年的探索经历，小事件的概括不抹去这项已发生经历。,人话卡金标候选｜未独立人工复核
我在美恐科普都市传说,1,meikong/01_落位表.csv,15,,,MK-CH01-F015,MK-CH01-F015,chapters/ch_0001.txt:L32-L32,keep_as_fact,身体能力变化由附带叙述直接说明，不是人物夸口。,人话卡金标候选｜未独立人工复核
我在美恐科普都市传说,1,meikong/01_落位表.csv,16,,,MK-CH01-F016,MK-CH01-F016,chapters/ch_0001.txt:L33-L33,cannot_confirm_without_body,本行短证据只写起意创办，单凭所标位置不能核清已创办及其因果表述。,人话卡金标候选｜未独立人工复核
我在美恐科普都市传说,1,meikong/01_落位表.csv,17,,,MK-CH01-F017,MK-CH01-F017,chapters/ch_0001.txt:L34-L35,keep_as_fact,人物职务、外观和等候位置均在附带短证据中。,人话卡金标候选｜未独立人工复核
我在美恐科普都市传说,1,meikong/01_落位表.csv,18,,,MK-CH01-F018,MK-CH01-F018,chapters/ch_0001.txt:L37-L39,mark_hearsay,经营情况是台长转述，且本行摘录未含广告商部分，不能当成核实过的数据。,人话卡金标候选｜未独立人工复核
我在美恐科普都市传说,1,meikong/01_落位表.csv,19,,,MK-CH01-F019,MK-CH01-F019,chapters/ch_0001.txt:L43-L43,keep_as_fact,台长当场提出工作要求与选择，尚未发生的调岗不算完成。,人话卡金标候选｜未独立人工复核
我在美恐科普都市传说,1,meikong/01_落位表.csv,20,,,MK-CH01-F020,MK-CH01-F020,chapters/ch_0001.txt:L45-L46,drop_not_for_card,只承诺下期内容并提出拍摄计划，没有相应拍摄结果。,人话卡金标候选｜未独立人工复核
我在美恐科普都市传说,1,meikong/01_落位表.csv,21,,,MK-CH01-F021,MK-CH01-F021,chapters/ch_0001.txt:L50-L51,keep_as_fact,台长已同意再给机会，条件性工作安排成立不表示后续调岗已发生。,人话卡金标候选｜未独立人工复核
我在美恐科普都市传说,1,meikong/01_落位表.csv,22,,,MK-CH01-F022,MK-CH01-F022,chapters/ch_0001.txt:L53-L59,keep_as_fact,已选择儿童频道的原因与书页显示都有短证据，不把显示进度当成真实采样覆盖。,人话卡金标候选｜未独立人工复核
我在美恐科普都市传说,1,meikong/01_落位表.csv,23,,,MK-CH01-F023,MK-CH01-F023,chapters/ch_0001.txt:L57-L58,keep_as_fact,附带叙述明确记载既往见面和对方消失。,人话卡金标候选｜未独立人工复核
我在美恐科普都市传说,1,meikong/01_落位表.csv,24,,,MK-CH01-F024,MK-CH01-F024,chapters/ch_0001.txt:L62-L63,cannot_confirm_without_body,交款有证据，但F025随后改称预付款，仅靠摘录不能确定额外款项是否属于赞助。,人话卡金标候选｜未独立人工复核
我在美恐科普都市传说,1,meikong/01_落位表.csv,25,,,MK-CH01-F025,MK-CH01-F025,chapters/ch_0001.txt:L66-L69,keep_as_fact,维修安排有提出与接受，预付款是当场约定的款项称呼，不表示维修已完成。,人话卡金标候选｜未独立人工复核
我在美恐科普都市传说,1,meikong/01_落位表.csv,26,,,MK-CH01-F026,MK-CH01-F026,chapters/ch_0001.txt:L70-L72,drop_not_for_card,只在盘算将来活捉与展示，没有发生相应捕获行为。,人话卡金标候选｜未独立人工复核
我在美恐科普都市传说,2,meikong/01_落位表.csv,27,,,MK-CH02-F001,MK-CH02-F001,chapters/ch_0002.txt:L6-L9,keep_as_fact,住处、格局和回家动作有短证据，便宜只是附带相对描述。,人话卡金标候选｜未独立人工复核
我在美恐科普都市传说,2,meikong/01_落位表.csv,28,,,MK-CH02-F002,MK-CH02-F002,chapters/ch_0002.txt:L10-L17,mark_hearsay,听到声音有依据，但争吵对象在摘录中带有猜测，不能整行当成听辨已确认。,人话卡金标候选｜未独立人工复核
我在美恐科普都市传说,2,meikong/01_落位表.csv,29,,,MK-CH02-F003,MK-CH02-F003,chapters/ch_0002.txt:L18-L24,keep_as_fact,短证据直接描写握刀后的试验动作与感受。,人话卡金标候选｜未独立人工复核
我在美恐科普都市传说,2,meikong/01_落位表.csv,30,,,MK-CH02-F004,MK-CH02-F004,chapters/ch_0002.txt:L25-L27,mark_hearsay,回忆中的目光有叙述，想拿刀则是李昂事后推断，整行不能一律算事实。,人话卡金标候选｜未独立人工复核
我在美恐科普都市传说,2,meikong/01_落位表.csv,31,,,MK-CH02-F005,MK-CH02-F005,chapters/ch_0002.txt:L28-L29,mark_hearsay,奖励规律是人物从经历中推测出来的，不是已钉死的物品规则。,人话卡金标候选｜未独立人工复核
我在美恐科普都市传说,2,meikong/01_落位表.csv,32,,,MK-CH02-F006,MK-CH02-F006,chapters/ch_0002.txt:L30-L32,keep_as_fact,来信实际存在，回复只表述为平日做法，不表示所有来信均已回复。,人话卡金标候选｜未独立人工复核
我在美恐科普都市传说,2,meikong/01_落位表.csv,33,,,MK-CH02-F007,MK-CH02-F007,chapters/ch_0002.txt:L32-L32,drop_not_for_card,仅表达对观众的愿望，没有已经发生的对应变化。,人话卡金标候选｜未独立人工复核
我在美恐科普都市传说,2,meikong/01_落位表.csv,34,,,MK-CH02-F008,MK-CH02-F008,chapters/ch_0002.txt:L33-L40,mark_hearsay,目击内容来自匿名信，记录簿出现未知生物条目也不能证实写信者见过大脚怪。,人话卡金标候选｜未独立人工复核
我在美恐科普都市传说,2,meikong/01_落位表.csv,35,,,MK-CH02-F009,MK-CH02-F009,chapters/ch_0002.txt:L35-L37,mark_hearsay,笔迹身份和恶作剧性质都是李昂的判断，短证据没有独立验证。,人话卡金标候选｜未独立人工复核
我在美恐科普都市传说,2,meikong/01_落位表.csv,36,,,MK-CH02-F010,MK-CH02-F010,chapters/ch_0002.txt:L41-L42,mark_hearsay,信件真假及线索真实性是人物认识，保管动作不使这些判断一并变真。,人话卡金标候选｜未独立人工复核
我在美恐科普都市传说,2,meikong/01_落位表.csv,37,,,MK-CH02-F011,MK-CH02-F011,chapters/ch_0002.txt:L44-L47,mark_hearsay,孙子的表现及其原因来自房东抱怨，不能因质问确实发生就全部确认。,人话卡金标候选｜未独立人工复核
我在美恐科普都市传说,2,meikong/01_落位表.csv,38,,,MK-CH02-F012,MK-CH02-F012,chapters/ch_0002.txt:L48-L52,mark_hearsay,受监视和异世界风险只是李昂的说法，摘录没有证实其内容。,人话卡金标候选｜未独立人工复核
我在美恐科普都市传说,2,meikong/01_落位表.csv,39,,,MK-CH02-F013,MK-CH02-F013,chapters/ch_0002.txt:L56-L57,keep_as_fact,退租通知已经发出，但不表示人物已经搬离或租住关系当场终止。,人话卡金标候选｜未独立人工复核
我在美恐科普都市传说,2,meikong/01_落位表.csv,40,,,MK-CH02-F014,MK-CH02-F014,chapters/ch_0002.txt:L59-L62,keep_as_fact,道歉与回应均为已发生的互动，不把劝告内容当作客观规律。,人话卡金标候选｜未独立人工复核
我在美恐科普都市传说,2,meikong/01_落位表.csv,41,,,MK-CH02-F015,MK-CH02-F015,chapters/ch_0002.txt:L64-L65,keep_as_fact,地图查找与地点叙述有短证据，只作本书地点信息，不作现实地理核验。,人话卡金标候选｜未独立人工复核
我在美恐科普都市传说,2,meikong/01_落位表.csv,42,,,MK-CH02-F016,MK-CH02-F016,chapters/ch_0002.txt:L67-L70,keep_as_fact,租用装备已经发生，资金限制的原因也在短证据内。,人话卡金标候选｜未独立人工复核
我在美恐科普都市传说,2,meikong/01_落位表.csv,43,,,MK-CH02-F017,MK-CH02-F017,chapters/ch_0002.txt:L71-L72,keep_as_fact,到达与开始拍摄都有具体行动记录。,人话卡金标候选｜未独立人工复核
我在美恐科普都市传说,2,meikong/01_落位表.csv,44,,,MK-CH02-F018,MK-CH02-F018,chapters/ch_0002.txt:L73-L74,keep_as_fact,型号与实际选用有短证据，台长的理由只属于其选用理由。,人话卡金标候选｜未独立人工复核
我在美恐科普都市传说,2,meikong/01_落位表.csv,45,,,MK-CH02-F019,MK-CH02-F019,chapters/ch_0002.txt:L75-L76,mark_hearsay,生物位置及真实性保证来自镜头前宣传，不能当成实际找到生物。,人话卡金标候选｜未独立人工复核
我在美恐科普都市传说,2,meikong/01_落位表.csv,46,,,MK-CH02-F020,MK-CH02-F020,chapters/ch_0002.txt:L77-L79,keep_as_fact,录完开场后已有前往工作站的行动，不表示申请已递交或许可已取得。,人话卡金标候选｜未独立人工复核
我在美恐科普都市传说,29,meikong/01_落位表.csv,47,,,MK-CH29-F001,MK-CH29-F001,chapters/ch_0029.txt:L6-L10,keep_as_fact,到达、手部伤口和包扎结果都有附带短证据。,人话卡金标候选｜未独立人工复核
我在美恐科普都市传说,29,meikong/01_落位表.csv,48,,,MK-CH29-F002,MK-CH29-F002,chapters/ch_0029.txt:L11-L15,mark_hearsay,经历来自艾玛转述，说明引用的第28章不在本包，不能借它把梦境与伤因证实。,人话卡金标候选｜未独立人工复核
我在美恐科普都市传说,29,meikong/01_落位表.csv,49,,,MK-CH29-F003,MK-CH29-F003,chapters/ch_0029.txt:L18-L23,mark_hearsay,外来灵性及侵蚀是莉莉的诊断，互动发生不等于诊断已经独立确认。,人话卡金标候选｜未独立人工复核
我在美恐科普都市传说,29,meikong/01_落位表.csv,50,,,MK-CH29-F004,MK-CH29-F004,chapters/ch_0029.txt:L24-L25,drop_not_for_card,这里只请求尝试转移，不能把请求直接当成转移已经发生。,人话卡金标候选｜未独立人工复核
我在美恐科普都市传说,29,meikong/01_落位表.csv,51,,,MK-CH29-F005,MK-CH29-F005,chapters/ch_0029.txt:L26-L31,mark_hearsay,专家身份来自李昂介绍，两名女孩明确不信，不能写成身份已证实或只是未知。,人话卡金标候选｜未独立人工复核
我在美恐科普都市传说,29,meikong/01_落位表.csv,52,,,MK-CH29-F006,MK-CH29-F006,chapters/ch_0029.txt:L32-L36,mark_hearsay,转移办法与失败原因都出自莉莉解释，不是已经验证的通用机制。,人话卡金标候选｜未独立人工复核
我在美恐科普都市传说,29,meikong/01_落位表.csv,53,,,MK-CH29-F007,MK-CH29-F007,chapters/ch_0029.txt:L37-L44,keep_as_fact,仪式动作及火焰、镜面变化可见，但不据此直接证明诅咒转移成功。,人话卡金标候选｜未独立人工复核
我在美恐科普都市传说,29,meikong/01_落位表.csv,54,,,MK-CH29-F008,MK-CH29-F008,chapters/ch_0029.txt:L45-L50,keep_as_fact,听到承诺后已有回帐篷的行动，不表示诅咒已被解除。,人话卡金标候选｜未独立人工复核
我在美恐科普都市传说,29,meikong/01_落位表.csv,55,,,MK-CH29-F009,MK-CH29-F009,chapters/ch_0029.txt:L51-L54,mark_hearsay,转移完成及灵性增加来自莉莉说法，李昂兴奋不能充当验证。,人话卡金标候选｜未独立人工复核
我在美恐科普都市传说,29,meikong/01_落位表.csv,56,,,MK-CH29-F010,MK-CH29-F010,chapters/ch_0029.txt:L55-L57,keep_as_fact,从难入睡到主动放空再睡着，实际状态变化明确。,人话卡金标候选｜未独立人工复核
我在美恐科普都市传说,29,meikong/01_落位表.csv,57,,,MK-CH29-F011,MK-CH29-F011,chapters/ch_0029.txt:L58-L70,keep_as_fact,保留梦境经历与醒来，梦中镜子破碎不等于现实镜子被毁，声音身份也未确认。,人话卡金标候选｜未独立人工复核
我在美恐科普都市传说,29,meikong/01_落位表.csv,58,,,MK-CH29-F012,MK-CH29-F012,chapters/ch_0029.txt:L71-L76,drop_not_for_card,核心是暂不驱除和以后研究的打算，没有相应研究或驱除行为。,人话卡金标候选｜未独立人工复核
我在美恐科普都市传说,29,meikong/01_落位表.csv,59,,,MK-CH29-F013,MK-CH29-F013,chapters/ch_0029.txt:L77-L80,keep_as_fact,短证据直接记录书页新增内容，显示进度不代表本轮评测完成度。,人话卡金标候选｜未独立人工复核
我在美恐科普都市传说,29,meikong/01_落位表.csv,60,,,MK-CH29-F014,MK-CH29-F014,chapters/ch_0029.txt:L81-L82,mark_hearsay,驱除影响进度是人物推断，重复入梦仍是计划，部分保留说明不能使整行成为事实。,人话卡金标候选｜未独立人工复核
我在美恐科普都市传说,29,meikong/01_落位表.csv,61,,,MK-CH29-F015,MK-CH29-F015,chapters/ch_0029.txt:L83-L86,mark_hearsay,无伤与安睡有观察依据，但由此推出诅咒转移只是艾玛的判断。,人话卡金标候选｜未独立人工复核
我在美恐科普都市传说,29,meikong/01_落位表.csv,62,,,MK-CH29-F016,MK-CH29-F016,chapters/ch_0029.txt:L87-L89,mark_hearsay,日程来自李昂告知，获奖是艾玛的意愿，不能把两句都当成已实现的结果。,人话卡金标候选｜未独立人工复核
我在美恐科普都市传说,30,meikong/01_落位表.csv,63,,,MK-CH30-F001,MK-CH30-F001,chapters/ch_0030.txt:L6-L8,keep_as_fact,到达岩壁和预先布置的设施都有短证据。,人话卡金标候选｜未独立人工复核
我在美恐科普都市传说,30,meikong/01_落位表.csv,64,,,MK-CH30-F002,MK-CH30-F002,chapters/ch_0030.txt:L9-L16,mark_hearsay,退出与安排已发生，但能力判断和此前受助来自米娅自述，整行不能都算旁白事实。,人话卡金标候选｜未独立人工复核
我在美恐科普都市传说,30,meikong/01_落位表.csv,65,,,MK-CH30-F003,MK-CH30-F003,chapters/ch_0030.txt:L17-L23,keep_as_fact,装备、开爬及李昂的拍摄行为均由短证据直接呈现。,人话卡金标候选｜未独立人工复核
我在美恐科普都市传说,30,meikong/01_落位表.csv,66,,,MK-CH30-F004,MK-CH30-F004,chapters/ch_0030.txt:L24-L29,keep_as_fact,孩子自报无力后被抱下，具体退出经过有短证据，不推断额外伤情。,人话卡金标候选｜未独立人工复核
我在美恐科普都市传说,30,meikong/01_落位表.csv,67,,,MK-CH30-F005,MK-CH30-F005,chapters/ch_0030.txt:L30-L36,mark_hearsay,求助和救下有证据，但害怕是带有猜测的判断，不能把原因一并写死。,人话卡金标候选｜未独立人工复核
我在美恐科普都市传说,30,meikong/01_落位表.csv,68,,,MK-CH30-F006,MK-CH30-F006,chapters/ch_0030.txt:L37-L39,keep_as_fact,暂停、补给、休息及恢复比赛都有直接叙述。,人话卡金标候选｜未独立人工复核
我在美恐科普都市传说,30,meikong/01_落位表.csv,69,,,MK-CH30-F007,MK-CH30-F007,chapters/ch_0030.txt:L40-L44,mark_hearsay,孩子把配合表演当成真实追击，摘录给出保持距离的反证，误信只属于孩子。,人话卡金标候选｜未独立人工复核
我在美恐科普都市传说,30,meikong/01_落位表.csv,70,,,MK-CH30-F008,MK-CH30-F008,chapters/ch_0030.txt:L45-L50,keep_as_fact,失足、不适和被送下都有实际经过，不只是退出意愿。,人话卡金标候选｜未独立人工复核
我在美恐科普都市传说,30,meikong/01_落位表.csv,71,,,MK-CH30-F009,MK-CH30-F009,chapters/ch_0030.txt:L51-L56,keep_as_fact,超越与先到终点有连续动作证据，不只是人物自认获胜。,人话卡金标候选｜未独立人工复核
我在美恐科普都市传说,30,meikong/01_落位表.csv,72,,,MK-CH30-F010,MK-CH30-F010,chapters/ch_0030.txt:L57-L62,keep_as_fact,已伸手且对方已握住，帮助行动确已开始，到达结果另见F011。,人话卡金标候选｜未独立人工复核
我在美恐科普都市传说,30,meikong/01_落位表.csv,73,,,MK-CH30-F011,MK-CH30-F011,chapters/ch_0030.txt:L63-L65,keep_as_fact,合影和称赞都是当场行为，善举只限李昂评价，不是本轮作出的品德判定。,人话卡金标候选｜未独立人工复核
我在美恐科普都市传说,30,meikong/01_落位表.csv,74,,,MK-CH30-F012,MK-CH30-F012,chapters/ch_0030.txt:L66-L72,cannot_confirm_without_body,摘录能见箱内卡片和冰淇淋转手，却没有明确卡片已由艾玛取得。,人话卡金标候选｜未独立人工复核
我在美恐科普都市传说,30,meikong/01_落位表.csv,75,,,MK-CH30-F013,MK-CH30-F013,chapters/ch_0030.txt:L73-L79,keep_as_fact,奖项宣读与清单交付已经发生，但不表示全部实物或节目权益已经兑现。,人话卡金标候选｜未独立人工复核
请勿高考时渡劫,10,gaokao/new_gaokao_ch01-10__01_落位表.csv,1,276,,,GK-CH10-R276,第10章｜chapters/ch_0010.txt L6-L13,mark_hearsay,鬼的强弱与接触条件都来自苏听雪说明，不能直接固定成世界规则。,人话卡金标候选｜未独立人工复核
请勿高考时渡劫,10,gaokao/new_gaokao_ch01-10__01_落位表.csv,2,277,,,GK-CH10-R277,第10章｜chapters/ch_0010.txt L13,mark_hearsay,全体弟子的能力与优势只是苏听雪所称，尚无独立验证。,人话卡金标候选｜未独立人工复核
请勿高考时渡劫,10,gaokao/new_gaokao_ch01-10__01_落位表.csv,3,278,,,GK-CH10-R278,第10章｜chapters/ch_0010.txt L17-L21,mark_hearsay,遮眼机制及应对效果来自苏听雪解释，条件方案不能当成已经奏效。,人话卡金标候选｜未独立人工复核
请勿高考时渡劫,10,gaokao/new_gaokao_ch01-10__01_落位表.csv,4,279,,,GK-CH10-R279,第10章｜chapters/ch_0010.txt L23-L25,mark_hearsay,绕路理由只是苏听雪解释，周游表示相信不等于理由已核实或真心相信。,人话卡金标候选｜未独立人工复核
请勿高考时渡劫,10,gaokao/new_gaokao_ch01-10__01_落位表.csv,5,280,,,GK-CH10-R280,第10章｜chapters/ch_0010.txt L26-L32,keep_as_fact,到摊位、购买与要求分食都是当场行为，不是未来购物打算。,人话卡金标候选｜未独立人工复核
请勿高考时渡劫,10,gaokao/new_gaokao_ch01-10__01_落位表.csv,6,281,,,GK-CH10-R281,第10章｜chapters/ch_0010.txt L28,keep_as_fact,记录过去两年的购买习惯，属于既往经历候选。,人话卡金标候选｜未独立人工复核
请勿高考时渡劫,10,gaokao/new_gaokao_ch01-10__01_落位表.csv,7,282,,,GK-CH10-R282,第10章｜chapters/ch_0010.txt L35-L40,mark_hearsay,拧瓶动作已发生，但手指力量很强是周游的评价性判断。,人话卡金标候选｜未独立人工复核
请勿高考时渡劫,10,gaokao/new_gaokao_ch01-10__01_落位表.csv,8,283,,,GK-CH10-R283,第10章｜chapters/ch_0010.txt L38-L39,keep_as_fact,记录人物过去尝试失败的经历，不推广成任何瓶盖都拧不开。,人话卡金标候选｜未独立人工复核
请勿高考时渡劫,10,gaokao/new_gaokao_ch01-10__01_落位表.csv,9,284,,,GK-CH10-R284,第10章｜chapters/ch_0010.txt L42,mark_hearsay,练气标志来自苏听雪说法，公认一词不能代替规则依据。,人话卡金标候选｜未独立人工复核
请勿高考时渡劫,10,gaokao/new_gaokao_ch01-10__01_落位表.csv,10,285,,,GK-CH10-R285,第10章｜chapters/ch_0010.txt L45-L50,mark_hearsay,境界特征是角色介绍，不能去掉来源写成已核实的统一标准。,人话卡金标候选｜未独立人工复核
请勿高考时渡劫,10,gaokao/new_gaokao_ch01-10__01_落位表.csv,11,286,,,GK-CH10-R286,第10章｜chapters/ch_0010.txt L46,mark_hearsay,衡量方式的历史及更换原因来自苏听雪陈述，没有独立佐证。,人话卡金标候选｜未独立人工复核
请勿高考时渡劫,10,gaokao/new_gaokao_ch01-10__01_落位表.csv,12,287,,,GK-CH10-R287,第10章｜chapters/ch_0010.txt L51-L54,mark_hearsay,灵魂出窍等同死亡是苏听雪说法，人物判断不能直接变成规则或死亡记录。,人话卡金标候选｜未独立人工复核
请勿高考时渡劫,10,gaokao/new_gaokao_ch01-10__01_落位表.csv,13,288,,,GK-CH10-R288,第10章｜chapters/ch_0010.txt L55-L59,keep_as_fact,返回路口已经发生，诱鬼办法仍只是提出，不表示本行已引出鬼。,人话卡金标候选｜未独立人工复核
请勿高考时渡劫,10,gaokao/new_gaokao_ch01-10__01_落位表.csv,14,289,,,GK-CH10-R289,第10章｜chapters/ch_0010.txt L60-L62,keep_as_fact,记录限定时段内的反复行动和没有引出的结果，不声称此法永远无效。,人话卡金标候选｜未独立人工复核
请勿高考时渡劫,10,gaokao/new_gaokao_ch01-10__01_落位表.csv,15,290,,,GK-CH10-R290,第10章｜chapters/ch_0010.txt L62-L70,mark_hearsay,停止旧方案与更换分工已发生，但失败原因仍是周游的解释。,人话卡金标候选｜未独立人工复核
请勿高考时渡劫,10,gaokao/new_gaokao_ch01-10__01_落位表.csv,16,291,,,GK-CH10-R291,第10章｜chapters/ch_0010.txt L72-L73,keep_as_fact,记录多次实际演练及异常出现的先后，不把尝试次数当作抽取质量数字。,人话卡金标候选｜未独立人工复核
请勿高考时渡劫,10,gaokao/new_gaokao_ch01-10__01_落位表.csv,17,292,,,GK-CH10-R292,第10章｜chapters/ch_0010.txt L75-L77,keep_as_fact,遮眼、刹车和呼喊均按当场动作陈述。,人话卡金标候选｜未独立人工复核
请勿高考时渡劫,10,gaokao/new_gaokao_ch01-10__01_落位表.csv,18,293,,,GK-CH10-R293,第10章｜chapters/ch_0010.txt L78-L79,keep_as_fact,保留周游此时看到的形态和位置，不扩大到尚未看见的身份与来历。,人话卡金标候选｜未独立人工复核
请勿高考时渡劫,10,gaokao/new_gaokao_ch01-10__01_落位表.csv,19,294,,,GK-CH10-R294,第10章｜chapters/ch_0010.txt L80-L81,drop_not_for_card,核心是准备扒开鬼手，候选本行没有实施这项救援。,人话卡金标候选｜未独立人工复核
请勿高考时渡劫,10,gaokao/new_gaokao_ch01-10__01_落位表.csv,20,295,,,GK-CH10-R295,第10章｜chapters/ch_0010.txt L82-L83,keep_as_fact,迈步后被遮眼并失去视觉是实际状态变化。,人话卡金标候选｜未独立人工复核
请勿高考时渡劫,10,gaokao/new_gaokao_ch01-10__01_落位表.csv,21,296,,,GK-CH10-R296,第10章｜chapters/ch_0010.txt L84-L85,keep_as_fact,记录实际尝试及触摸失败，不推断所有人都无法触碰。,人话卡金标候选｜未独立人工复核
请勿高考时渡劫,10,gaokao/new_gaokao_ch01-10__01_落位表.csv,22,297,,,GK-CH10-R297,第10章｜chapters/ch_0010.txt L87,mark_hearsay,第二只鬼的数量结论归于周游确认，本行没有独立识别依据。,人话卡金标候选｜未独立人工复核
请勿高考时渡劫,11,gaokao/new_gaokao_ch11-17__01_落位表.csv,1,1,,,GK-CH11-R1,第11章｜chapters/ch_0011.txt L6,keep_as_fact,记录实际呼喊及当时的大致距离。,人话卡金标候选｜未独立人工复核
请勿高考时渡劫,11,gaokao/new_gaokao_ch11-17__01_落位表.csv,2,2,,,GK-CH11-R2,第11章｜chapters/ch_0011.txt L7,mark_hearsay,数量与自身遭遇由周游告知苏听雪，转述来源不能省略。,人话卡金标候选｜未独立人工复核
请勿高考时渡劫,11,gaokao/new_gaokao_ch11-17__01_落位表.csv,3,3,,,GK-CH11-R3,第11章｜chapters/ch_0011.txt L9-L10,keep_as_fact,记录人物实际感知错位，不把他听到的方向当成真实声源位置。,人话卡金标候选｜未独立人工复核
请勿高考时渡劫,11,gaokao/new_gaokao_ch11-17__01_落位表.csv,4,4,,,GK-CH11-R4,第11章｜chapters/ch_0011.txt L11,keep_as_fact,这一行限定周游当次受影响的感官范围，不推广成所有鬼的统一能力。,人话卡金标候选｜未独立人工复核
请勿高考时渡劫,11,gaokao/new_gaokao_ch11-17__01_落位表.csv,5,5,,,GK-CH11-R5,第11章｜chapters/ch_0011.txt L12,keep_as_fact,留在原地是不移动的实际选择，担心误入马路不表示已发生交通事故。,人话卡金标候选｜未独立人工复核
请勿高考时渡劫,11,gaokao/new_gaokao_ch11-17__01_落位表.csv,6,6,,,GK-CH11-R6,第11章｜chapters/ch_0011.txt L13-L16,mark_hearsay,鬼的生前身份是苏听雪怀疑的内容，未预料到也不能当成身份核验。,人话卡金标候选｜未独立人工复核
请勿高考时渡劫,11,gaokao/new_gaokao_ch11-17__01_落位表.csv,7,7,,,GK-CH11-R7,第11章｜chapters/ch_0011.txt L19-L20,keep_as_fact,记录路人的观察与停止关注，没有把视而不见写成不曾看见。,人话卡金标候选｜未独立人工复核
请勿高考时渡劫,11,gaokao/new_gaokao_ch11-17__01_落位表.csv,8,8,,,GK-CH11-R8,第11章｜chapters/ch_0011.txt L21,keep_as_fact,当场指示已经发出，但不凭命令推定后续始终未移动。,人话卡金标候选｜未独立人工复核
请勿高考时渡劫,11,gaokao/new_gaokao_ch11-17__01_落位表.csv,9,9,,,GK-CH11-R9,第11章｜chapters/ch_0011.txt L21,drop_not_for_card,只说回忆所学并思考办法，没有具体回忆内容或处置结果。,人话卡金标候选｜未独立人工复核
请勿高考时渡劫,11,gaokao/new_gaokao_ch11-17__01_落位表.csv,10,10,,,GK-CH11-R10,第11章｜chapters/ch_0011.txt L22,drop_not_for_card,只记录泛泛想办法，没有具体方案结果，也不能据此断言离开原地。,人话卡金标候选｜未独立人工复核
请勿高考时渡劫,11,gaokao/new_gaokao_ch11-17__01_落位表.csv,11,11,,,GK-CH11-R11,第11章｜chapters/ch_0011.txt L23,keep_as_fact,保留当时的位置认知，担心被撞只是风险念头，不是已发生事故。,人话卡金标候选｜未独立人工复核
请勿高考时渡劫,11,gaokao/new_gaokao_ch11-17__01_落位表.csv,12,12,,,GK-CH11-R12,第11章｜chapters/ch_0011.txt L24-L28,mark_hearsay,灵魂视角能否避开影响仍是周游的推测，选择尝试不等于机制已经证实。,人话卡金标候选｜未独立人工复核
请勿高考时渡劫,11,gaokao/new_gaokao_ch11-17__01_落位表.csv,13,13,,,GK-CH11-R13,第11章｜chapters/ch_0011.txt L30-L31,keep_as_fact,这一行直接陈述角色生前经历，既往没出事不等于行为没有风险。,人话卡金标候选｜未独立人工复核
请勿高考时渡劫,11,gaokao/new_gaokao_ch11-17__01_落位表.csv,14,14,,,GK-CH11-R14,第11章｜chapters/ch_0011.txt L31-L34,mark_hearsay,事故经过与鬼的自我辩解混在一行，觉得自己冤不能当成客观事故结论。,人话卡金标候选｜未独立人工复核
请勿高考时渡劫,11,gaokao/new_gaokao_ch11-17__01_落位表.csv,15,15,,,GK-CH11-R15,第11章｜chapters/ch_0011.txt L35,drop_not_for_card,只有报复所有路人的愿望，没有本行中已实施的具体报复。,人话卡金标候选｜未独立人工复核
请勿高考时渡劫,11,gaokao/new_gaokao_ch11-17__01_落位表.csv,16,16,,,GK-CH11-R16,第11章｜chapters/ch_0011.txt L36-L38,keep_as_fact,记录鬼实际看到的变化及不明白原因的知情边界。,人话卡金标候选｜未独立人工复核
请勿高考时渡劫,11,gaokao/new_gaokao_ch11-17__01_落位表.csv,17,17,,,GK-CH11-R17,第11章｜chapters/ch_0011.txt L39-L40,keep_as_fact,记录灵魂状态下已经击中对方的动作。,人话卡金标候选｜未独立人工复核
请勿高考时渡劫,11,gaokao/new_gaokao_ch11-17__01_落位表.csv,18,18,,,GK-CH11-R18,第11章｜chapters/ch_0011.txt L41,mark_hearsay,对战力的判断沿用苏听雪说法，不是本行独立测出的能力上限。,人话卡金标候选｜未独立人工复核
请勿高考时渡劫,11,gaokao/new_gaokao_ch11-17__01_落位表.csv,19,19,,,GK-CH11-R19,第11章｜chapters/ch_0011.txt L42-L45,keep_as_fact,连续攻击及对方痛苦反应都有具体发生内容。,人话卡金标候选｜未独立人工复核
请勿高考时渡劫,11,gaokao/new_gaokao_ch11-17__01_落位表.csv,20,20,,,GK-CH11-R20,第11章｜chapters/ch_0011.txt L49-L51,mark_hearsay,饥饿是实际感受，鬼可以食用仍是此时的主观判断。,人话卡金标候选｜未独立人工复核
请勿高考时渡劫,11,gaokao/new_gaokao_ch11-17__01_落位表.csv,21,21,,,GK-CH11-R21,第11章｜chapters/ch_0011.txt L54-L57,keep_as_fact,实际咬食有次数记录，尝一口只是说法，味道好只记个人感受。,人话卡金标候选｜未独立人工复核
请勿高考时渡劫,11,gaokao/new_gaokao_ch11-17__01_落位表.csv,22,22,,,GK-CH11-R22,第11章｜chapters/ch_0011.txt L58,keep_as_fact,记录吃完后的归位、消失和饱腹状态，不额外宣称绝无后患。,人话卡金标候选｜未独立人工复核
请勿高考时渡劫,11,gaokao/new_gaokao_ch11-17__01_落位表.csv,23,23,,,GK-CH11-R23,第11章｜chapters/ch_0011.txt L59-L60,keep_as_fact,这行记录的是人物不知道后果，不是证明吃鬼安全或必有副作用。,人话卡金标候选｜未独立人工复核
请勿高考时渡劫,11,gaokao/new_gaokao_ch11-17__01_落位表.csv,24,24,,,GK-CH11-R24,第11章｜chapters/ch_0011.txt L61,drop_not_for_card,只给出先救人的优先选择，本行没有救援动作或结果。,人话卡金标候选｜未独立人工复核
请勿高考时渡劫,11,gaokao/new_gaokao_ch11-17__01_落位表.csv,25,25,,,GK-CH11-R25,第11章｜chapters/ch_0011.txt L62,keep_as_fact,候选明确陈述目睹后的惊惧与松手，属于具体反应和状态变化。,人话卡金标候选｜未独立人工复核
请勿高考时渡劫,11,gaokao/new_gaokao_ch11-17__01_落位表.csv,26,26,,,GK-CH11-R26,第11章｜chapters/ch_0011.txt L63,keep_as_fact,恢复视觉、看见逃跑与立即施法已有当场过程，不补足人物未知的前因。,人话卡金标候选｜未独立人工复核
请勿高考时渡劫,11,gaokao/new_gaokao_ch11-17__01_落位表.csv,27,27,,,GK-CH11-R27,第11章｜chapters/ch_0011.txt L64-L65,keep_as_fact,符箓发动和收摄结果按已发生过程陈述。,人话卡金标候选｜未独立人工复核
请勿高考时渡劫,11,gaokao/new_gaokao_ch11-17__01_落位表.csv,28,28,,,GK-CH11-R28,第11章｜chapters/ch_0011.txt L66,keep_as_fact,记录封入后符面的可见形态与标记。,人话卡金标候选｜未独立人工复核
请勿高考时渡劫,11,gaokao/new_gaokao_ch11-17__01_落位表.csv,29,29,,,GK-CH11-R29,第11章｜chapters/ch_0011.txt L67,keep_as_fact,实际发生的是折叠收好，择日超度仍是计划，不能记成已经超度。,人话卡金标候选｜未独立人工复核
请勿高考时渡劫,11,gaokao/new_gaokao_ch11-17__01_落位表.csv,30,30,,,GK-CH11-R30,第11章｜chapters/ch_0011.txt L68-L69,mark_hearsay,吃鬼经过在这行来自周游告知，如实一词不能让人物来源消失。,人话卡金标候选｜未独立人工复核
请勿高考时渡劫,11,gaokao/new_gaokao_ch11-17__01_落位表.csv,31,31,,,GK-CH11-R31,第11章｜chapters/ch_0011.txt L71,cannot_confirm_without_body,无法分清没有吃鬼是整个传承目录的事实，还是苏听雪个人所学的范围。,人话卡金标候选｜未独立人工复核
请勿高考时渡劫,11,gaokao/new_gaokao_ch11-17__01_落位表.csv,32,32,,,GK-CH11-R32,第11章｜chapters/ch_0011.txt L72-L75,mark_hearsay,经过由周游转述，告知记录不能直接替代客观事发记录。,人话卡金标候选｜未独立人工复核
请勿高考时渡劫,11,gaokao/new_gaokao_ch11-17__01_落位表.csv,33,33,,,GK-CH11-R33,第11章｜chapters/ch_0011.txt L73-L74,mark_hearsay,无法对应所学是苏听雪的理解边界，不证明那些行为在世界中不可能。,人话卡金标候选｜未独立人工复核
请勿高考时渡劫,11,gaokao/new_gaokao_ch11-17__01_落位表.csv,34,34,,,GK-CH11-R34,第11章｜chapters/ch_0011.txt L76,mark_hearsay,此前询问的动机是苏听雪听完后的理解，不是本行独立确认的动机。,人话卡金标候选｜未独立人工复核
请勿高考时渡劫,11,gaokao/new_gaokao_ch11-17__01_落位表.csv,35,35,,,GK-CH11-R35,第11章｜chapters/ch_0011.txt L77,mark_hearsay,境界能力与特殊功法都属于苏听雪的判断，后者还明确是怀疑。,人话卡金标候选｜未独立人工复核
请勿高考时渡劫,11,gaokao/new_gaokao_ch11-17__01_落位表.csv,36,36,,,GK-CH11-R36,第11章｜chapters/ch_0011.txt L78,keep_as_fact,这一行直接陈述交往习惯及其原因，属于作品社会规则候选。,人话卡金标候选｜未独立人工复核
请勿高考时渡劫,11,gaokao/new_gaokao_ch11-17__01_落位表.csv,37,37,,,GK-CH11-R37,第11章｜chapters/ch_0011.txt L79,drop_not_for_card,只有回去询问的提议，没有实际问师父或取得解释。,人话卡金标候选｜未独立人工复核
请勿高考时渡劫,11,gaokao/new_gaokao_ch11-17__01_落位表.csv,38,38,,,GK-CH11-R38,第11章｜chapters/ch_0011.txt L80,mark_hearsay,师父是否知道原因只是苏听雪推测，不能登记成师父明确不知道。,人话卡金标候选｜未独立人工复核
请勿高考时渡劫,11,gaokao/new_gaokao_ch11-17__01_落位表.csv,39,39,,,GK-CH11-R39,第11章｜chapters/ch_0011.txt L81,cannot_confirm_without_body,能否托问属于关系程度判断，缺正文无法分清是旁白陈述还是周游顾虑。,人话卡金标候选｜未独立人工复核
请勿高考时渡劫,11,gaokao/new_gaokao_ch11-17__01_落位表.csv,40,40,,,GK-CH11-R40,第11章｜chapters/ch_0011.txt L81,keep_as_fact,拒绝已经发生，知道问谁只限周游自述，不表示已经询问或获得答案。,人话卡金标候选｜未独立人工复核
请勿高考时渡劫,11,gaokao/new_gaokao_ch11-17__01_落位表.csv,41,41,,,GK-CH11-R41,第11章｜chapters/ch_0011.txt L82-L84,mark_hearsay,询问对象、来历与信任程度含猜测和未知，不能直接固化成关系事实。,人话卡金标候选｜未独立人工复核
请勿高考时渡劫,11,gaokao/new_gaokao_ch11-17__01_落位表.csv,42,42,,,GK-CH11-R42,第11章｜chapters/ch_0011.txt L85,keep_as_fact,处置结束后返校是实际行动，解决只限本行所指的两只鬼。,人话卡金标候选｜未独立人工复核
请勿高考时渡劫,11,gaokao/new_gaokao_ch11-17__01_落位表.csv,43,43,,,GK-CH11-R43,第11章｜chapters/ch_0011.txt L85,keep_as_fact,邀请和拒绝均已发生，未接受晚饭不等于已经发生用餐。,人话卡金标候选｜未独立人工复核
请勿高考时渡劫,11,gaokao/new_gaokao_ch11-17__01_落位表.csv,44,44,,,GK-CH11-R44,第11章｜chapters/ch_0011.txt L86,mark_hearsay,邀请确已提出，但体质适合及可继续研究是苏听雪的判断与承诺。,人话卡金标候选｜未独立人工复核
请勿高考时渡劫,11,gaokao/new_gaokao_ch11-17__01_落位表.csv,45,45,,,GK-CH11-R45,第11章｜chapters/ch_0011.txt L87,mark_hearsay,拒绝已发生，门主身份及不能叛门来自周游说辞，不能直接确认门派关系。,人话卡金标候选｜未独立人工复核
请勿高考时渡劫,11,gaokao/new_gaokao_ch11-17__01_落位表.csv,46,46,,,GK-CH11-R46,第11章｜chapters/ch_0011.txt L89,keep_as_fact,记录协助之后实际提出的报酬请求，不表示知识已交付或结算已完成。,人话卡金标候选｜未独立人工复核
请勿高考时渡劫,11,gaokao/new_gaokao_ch11-17__01_落位表.csv,47,47,,,GK-CH11-R47,第11章｜chapters/ch_0011.txt L89,keep_as_fact,记录人物承认自己所知有限，不据此补造具体缺少哪些知识。,人话卡金标候选｜未独立人工复核
请勿高考时渡劫,11,gaokao/new_gaokao_ch11-17__01_落位表.csv,48,48,,,GK-CH11-R48,第11章｜chapters/ch_0011.txt L90-L91,mark_hearsay,不可靠与可能受骗是苏听雪的判断，选择讲解不能证明受骗已经发生。,人话卡金标候选｜未独立人工复核
