source_report,track,window,title,author,platform,prototype_why,skeleton_fingerprint,ledger_kind,origin,authority,body_verifiable,opening_hook_pattern,growth_rhythm,pleasure_engine_labels,promise_pattern_guess,payoff_pattern_guess,chapter_handoff_available,shared_explanation,borrow_type_tags,ingested_at
p2_w02_deep10.md,ST-002,p2_w02,放开那个女巫,二目,起点中文网,公开评论直接把它叫“西幻种田流的破局者”“经典之作”，核心是把中世纪西幻、女巫能力、工业化基建焊成一个稳定模板,,survey_not_ledger,deep_research,non_authoritative,未知,现代工程师穿到近似中世纪的王子身上，马上发现“女巫真实存在，而且真有魔力”，认知钩很清楚,边地落点→组织女巫→技术试产→势力扩盘→文明级冲突,基建验证、能力拆解、组织升级、秩序翻面,我能看见文明怎么一点点被造出来,每次技术落地都会改写人和权力的站位,否,它的强项不是单个奇观，而是每一次可见的生产升级都会让世界更可信,,2026-07-18T14:03:06+08:00
p2_w02_deep10.md,ST-002,p2_w02,全职高手,蝴蝶蓝,起点中文网,它是电竞题材最硬的一块公共模板，原因不是“比赛热血”这么简单，而是它把虚构游戏《荣耀》、职业联盟、战队协作、草根重启和同人工业一起做成了大体量 IP；中国作家网还明确提到它全网点击近百亿、是网络文学界首部“千盟书”，粉丝同人和广播剧衍生非常旺,,survey_not_ledger,deep_research,non_authoritative,未知,顶尖选手被俱乐部驱逐，去网吧当网管，在新区重新开号,低位回炉→新区起号→网游公会和挑战赛试错→队伍成形→职业赛场求证,专业细节、团队配合、旧王回归、战术博弈,看一个明明会赢的人，怎样从不能赢的处境里爬回来,冠军不是靠一人封神，而是靠体系和默契兑现,否,它最能借的不是叶修本人，而是“能力无须解释，处境必须重建”的回归结构,,2026-07-18T14:03:06+08:00
p2_w02_deep10.md,ST-002,p2_w02,知否？知否？应是绿肥红瘦,关心则乱,晋江文学城,光明日报/中国作家网直接把它放在女频史的关键拐点上，说它处于从“把老公当老板”到“追求势均力敌爱情”的重要转向；同时，它的家宅细节和等级秩序常被拿来和宅斗、家族文对比,,survey_not_ledger,deep_research,non_authoritative,未知,现代女性穿成古代庶女，起点不高还不想乱冲,闺阁观察→家宅求生→婚配抉择→侯门经营,人情拆解、礼法博弈、慢热成长、关系治理,看一个底盘不高的人怎么在高规训世界活得稳、活得有尊严,不是斗赢所有人，而是一步步站到自己能做主的位置,否,它最能借的是“低声量、高精度”的长期生存节奏,,2026-07-18T14:03:06+08:00
p2_w02_deep10.md,ST-002,p2_w02,人渣反派自救系统,墨香铜臭,晋江文学城,它是“穿书反派自救”这条线里很早、很醒目的公共样本，晋江文案就把核心装置说明白了——读者穿成会被男主狠狠清算的反派师父；作品后来又有动画《穿书自救指南》与海外出版、译介扩展，说明它的装置辨识度很强,,survey_not_ledger,deep_research,non_authoritative,未知,吐槽原作的人，一睁眼成了原作里会死得很惨的反派师父,保命纠偏→养成偏差→黑化反噬→情感翻面,反套路吐槽、养成偏差、黑化悬念、师徒张力,看一个最了解套路的人，能不能躲过套路,真正的改命不是改设定，而是改关系,否,它可借的是“自救视角”和“吐槽-正剧双声道”，不是抄沈清秋口吻,,2026-07-18T14:03:06+08:00
p2_w02_deep10.md,ST-002,p2_w02,死亡万花筒,西子绪,晋江文学城,晋江页直接标“无限流”，中国日报对广播剧的报道又把它称作西子绪代表作之一，说明它在 BL 无限流里已经成了高辨识度样本；很多公开讨论把它当“入坑作”，而广播剧破亿播放更放大了它的门槛装置,,survey_not_ledger,deep_research,non_authoritative,未知,日常先失调，楼道忽然变成长走廊，尽头是十二扇一模一样的铁门,第一次见门→结伴入门→副本升级→门后真相逼近,规则破译、恐怖氛围、强搭档、门内外反差,每过一门，离答案近一点，也离死亡更近一点,外层副本越冷，内层关系越热,否,这本可借的是“入口统一、难度递升、门内外双温差”,,2026-07-18T14:03:06+08:00
p2_w02_deep10.md,ST-002,p2_w02,神秘复苏,佛前献花,起点中文网,公开媒体把它列为悬疑/灵异领域的代表作、现象级作品，平台页的开场文案和后续大量衍生页都不断复述其“规则型厉鬼”特征，这让它成了都市诡异文里很强的一块原型面板,,survey_not_ledger,deep_research,non_authoritative,未知,一句“当你看到这句话的时候我已经死了”，再接羊皮卷、鬼眼和活下来的人,个体求生→事件处置→组织/群体层面应对→更高阶灵异对抗,规则找死法、反噬压迫、以鬼制鬼、城市灾变,不是赢鬼，而是活得比鬼规则更久,主角每多活一次，人就更不像人一点,否,它真正好借的是“恐怖靠规则，强大靠代价”,,2026-07-18T14:03:06+08:00
p2_w02_deep10.md,ST-002,p2_w02,十日终焉,杀虫队队员,番茄小说,它不是普通“无限流爆款”，而是把“智斗、轮回、国风分级游戏、与读者博弈”做得特别极致，所以很多人会把它当近年烧脑求生文的纸面原型,,survey_not_ledger,deep_research,non_authoritative,未知,普通人突然被抓进终焉之地，只能通过死亡游戏求生,单局破题→轮回积累→同伴网络形成→终局真相逼近,谜题套谜题、读者博弈、国风机制、反转连锁,我不靠系统带飞，而靠脑子和人性缝隙往外撬,越接近答案，越会发现答案和自我身份绑在一起,否,它最硬的零件，是把‘解谜’写成长期叙事发动机，而不是副本装饰,,2026-07-18T14:03:06+08:00
p2_w02_deep10.md,ST-002,p2_w02,佛本是道,梦入神机,起点中文网,光明网和多篇网络文学研究文章都直接把它视为“洪荒流”的起始代表，原因是它把《西游记》《封神演义》等神话基因重新搭成一套可供后人沿用的修仙宇宙法则,,survey_not_ledger,deep_research,non_authoritative,未知,都市少年周青意外踏进修道界，小门派、小法轮把人拖进更大的神话秩序,凡俗入门→小门派修行→神话谱系揭幕→量劫棋盘下场,神话重编、谱系排位、权力扩张、量劫压顶,看熟悉的神话人物在新秩序里重新分位,个人证道最终会撞上整个神话宇宙的统治结构,否,它最能借的不是哪位神仙，而是“旧神话做壳，新规则做骨”,,2026-07-18T14:03:06+08:00
p2_w02_deep10.md,ST-002,p2_w02,鬼吹灯,天下霸唱,最早在起点中文网连载，后成系列出版,它被中国作家网直接称为“网络盗墓小说的开创者”，学术论文和媒体评论也把它视作盗墓题材的起始点之一，原因是它稳定建立了“摸金校尉话语体系+古墓副本+民俗玄学+铁三角”的行业蓝本,,survey_not_ledger,deep_research,non_authoritative,未知,家传残卷引路，几位当代摸金校尉下墓探宝,接任务/得线索→入墓→见异象→破局逃生→旧谜牵出新副本,探险悬疑、民俗风水、铁三角互补、遗迹奇观,每进一墓，都能见到一个不一样的中国式未知,墓里不只藏宝，还藏上一代人的秘密和这一代人的命运,否,它最硬的壳，是“职业行规+中国民俗+副本探险”的一体化,,2026-07-18T14:03:06+08:00
p2_w02_deep10.md,ST-002,p2_w02,龙蛇演义,梦入神机,起点中文网连载,光明网直接写它“开创了网络小说中的国术流”，这是最稳的原型标签；中国作家网/公开书介又都把它的重点放在现代社会里的国术技击、黑拳、组织势力和主角爬升之路上,,survey_not_ledger,deep_research,non_authoritative,未知,平凡少年王超结缘唐紫尘，被一脚踢进陌生而致命的现代江湖,入门练身→地下对局验证→组织势力卷入→武道高峰追逐,拳理落地、肉身成长、地下江湖、以命证道,你会看到一套近身杀伤学如何在现代社会成立,主角不仅会赢，还会越来越接近一个更高的武道边界,否,它真正能借的是‘国术当规则’，不是‘国术当摆拍’,,2026-07-18T14:03:06+08:00
p2_w03_deep10.md,ST-002,p2_w03,飘渺之旅,萧潜,早期台湾鲜网连载、后在大陆网络连载并出版，公开资料常指向台湾连载与大陆幻剑/纸书传播链,公开讨论里长期被叫作“修真流鼻祖”“星球修真流代表”，而官方/准官方简介又反复强调它把“先进文明、法宝、仙人遗迹、西式古堡、异兽”放进一个修真大框里，这就是它最容易被后人借走的地方,,survey_not_ledger,deep_research,non_authoritative,未知,成人主角在现实崩盘后，被高位存在直接拽离日常，进入更大世界,背叛/改造→误入异地→见奇观→拿法宝→跨世界升级,跳地图、捡设定、看大物、境界跃迁、奇遇驱动,每往前一步，世界都会比上一层更大、更怪、更强,从“被世界抛出去的人,否,它的核心不是单一人物关系，而是“见更大的世界”本身,,2026-07-18T14:26:46+08:00
p2_w03_deep10.md,ST-002,p2_w03,诛仙,萧鼎,最早连载于幻剑书盟，后转纸书与修订版传播,中国青年作家报把它称为“网络文学仙侠流派的开创性经典作品之一”，而其公开简介稳定指向“师门成长、正魔两道、情感与立场撕扯”这条仙侠主干,,survey_not_ledger,deep_research,non_authoritative,未知,少年在灭门惨案后被大门派收留，进山学艺,受害者→门内弟子→下山历练→立场撕裂→身份坠变,师门成长、正魔摇摆、法宝纠缠、悲恋压顶、立场反转,他越变强，越难在“善,从“想做好人,否,它吸人的地方，不只在修仙，而在“越修越痛”,,2026-07-18T14:26:46+08:00
p2_w03_deep10.md,ST-002,p2_w03,盘龙,我吃西红柿,起点中文网,中国作家网直接把它概括为“升级流男频奇幻小说”的范本，起点官方页面也把它定位为奇幻长篇；更关键的是，它后来成为最早被完整译介并在海外广泛接受的中国网文个案之一，所以它常被当作“规则清楚、门槛低、可复制”的模板,,survey_not_ledger,deep_research,non_authoritative,未知,没落家族少年在小镇训练场被“必须变强”反复点题,小镇起步→天赋显现→家族与仇恨驱动→位面外扩→法则登顶,升级流、家族复兴、法则进阶、大地图、奇幻异兽,每一阶段都会给出更高层的规则和更大层级的敌人,从地方贵族少年升到能定义宇宙秩序的人,否,它特别适合当“规则比文气更先行”的样板,,2026-07-18T14:26:46+08:00
p2_w03_deep10.md,ST-002,p2_w03,猛龙过江,骷髅精灵,起点系传播最广，现可见微信读书纸书版与目录页,公开评论和网络游戏小说发展史文章都把它放在早期网游小说代表位置，尤其是“现实/网游双线并跑、男频胜利叙事、种马倾向明显”的那一路早期样板里,,survey_not_ledger,deep_research,non_authoritative,未知,“游戏少年并非废物”的自证型开局,新人期→比赛/奇遇→现实翻盘→跨区/跨国扩战场,网游竞技、现实反打、男性胜利叙事、收资源、国际对抗,主角会从游戏里打出名望，再把名望变成现实统治力,从被低看的人变成现实与虚拟两边都站塔尖的人,否,它的历史价值比今天的审美完成度更重要,,2026-07-18T14:26:46+08:00
p2_w03_deep10.md,ST-002,p2_w03,步步惊心,桐华,2005 年登陆晋江原创网，后多版出版,中国作家网把它列为女频清穿经典；中新网和论文摘要都把它放进早期“清穿迷”的形成与“清穿风潮”的中心位置，公开讨论里它更常被放进“清穿三座大山”之一去理解,,survey_not_ledger,deep_research,non_authoritative,未知,现代女性意外穿入熟知的大历史现场,旁观→卷入→站队焦虑→情感深化→宿命反噬,历史代入、宫廷站队、知史悖论、群像情感、宿命感,她越懂历史，越救不了自己真正爱的人,从想靠知识保命，走到发现情感和制度会一起碾过个人,否,它不是简单穿越甜文，而是“带着答案进考场，还是会考砸”的结构,,2026-07-18T14:26:46+08:00
p2_w03_deep10.md,ST-002,p2_w03,花千骨,Fresh果果,晋江文学城,公开媒体直接说《花千骨》把“师徒恋”做成了相对成熟的言情模式；它因此常被拿来当仙侠师徒虐恋的标杆,,survey_not_ledger,deep_research,non_authoritative,未知,命格诡异的孤女遇见高位恩人，自此把追寻与爱慕绑在一起,寻恩→拜师→门派试炼→神器失控→禁忌关系被世界放大,师徒禁忌、神器任务、苍生与私情对撞、极致虐恋、毁灭性女主转变,她越向师父靠近，越会逼出更大的世界灾难,我重要还是苍生重要,否,它不是一般仙侠升级，而是拿大灾难给亲密关系加压,,2026-07-18T14:26:46+08:00
p2_w03_deep10.md,ST-002,p2_w03,黑莲花攻略手册,白羽摘雕弓,晋江文学城,它在官方文案里就把“你不是女主也不是反派女二，而是炮灰女三”“攻略对象不是男主而是黑莲花弟弟”说得很清楚，这种**错位穿书＋错位攻略**后来被大量模仿，且已形成明显同人与改编外扩,,survey_not_ledger,deep_research,non_authoritative,未知,读者熟悉的狗血书内穿越，但主角掉在最不安全的位置,认位阶→接任务→靠近危险目标→误会与好感并涨→系统与人心双重偏轨,反套路穿书、错位攻略、轻喜悬疑、病娇救赎、纸面高概念,你以为在修官配，结果是在拆原书真正的火药桶,从“为了活命演角色,否,它最值钱的不是某个CP，而是目标错位这把刀,,2026-07-18T14:26:46+08:00
p2_w03_deep10.md,ST-002,p2_w03,穿成男主白月光[快穿],盛夏的小扇,晋江文学城,官页文案把这类文的核心全说出来了——成为男主落难期白月光、迅速分手、促成他爱上原女主，结果男主们飞黄腾达后集体黑化；再加上作者后续在同一作者专栏里连续写出《穿成男二白月光[快穿]》《龙傲天男主的白月光[快穿]》等同核作品，说明这套零件被验证过可重复生产,,survey_not_ledger,deep_research,non_authoritative,未知,高概念文案先给出任务协议，再用反噬一刀把协议砍歪,进入世界→精准投喂→情感升温→突然退出→男主不按剧本黑化追索,快穿、白月光滤镜、任务反噬、修罗场、单元变体,你会不停看见“本来该撤退的完美工具人,从执行目标的人变成被目标追着跑的人,否,这本最强的就是能把单元文写成机制文,,2026-07-18T14:26:46+08:00
p2_w03_deep10.md,ST-002,p2_w03,洗铅华,七月荔,知乎盐言故事体系，公开资料显示 2019 年开始在知乎以回答形式连载，后正式付费上线,它被媒体直接放进“知乎三绝”之一，并明确概括为“穿越成恶毒女配，逆袭收获真爱”的知乎头部 IP；这类**恶毒女配视角的自救宫廷文**后来非常容易被当模板用,,survey_not_ledger,deep_research,non_authoritative,未知,穿进自己明知会死的位置，先保命再谈别的,认命运→改官配→偏航→多方情感缠绕→代价兑现,恶毒女配自救、宫廷情感局、先知视角、站错CP、短平快冲突,你越想按原书修正，越会把自己重新拖进更复杂的关系网,从“我要活,否,它和传统长篇网文不同，更像高浓度情节发动机,,2026-07-18T14:26:46+08:00
p2_w03_deep10.md,ST-002,p2_w03,欢迎来到噩梦游戏,薄暮冰轮,晋江文学城,官方页直接把它放在“无限流/恐怖游戏”框里，而公开书评高频强调它不是纯恋爱文，是剧情为主、多个副本、真死、不能下线的无限流；在 BL 无限流里，这类“副本求生＋主线大世界”组合很容易被当标尺,,survey_not_ledger,deep_research,non_authoritative,未知,打出BE结局后黑屏，车祸醒来进空医院，恐怖游戏从现实事故缝里开始,新手村求生→进入正式副本→结识关键同伴→副本积累→世界主线抬高,真死求生、单元副本、剧情流、慢热关系、主线谜团,你以为只是在解一个个副本，其实是在逼近更大的世界真相,从普通玩家升到能真正参与世界意志级对抗的人,否,它的稳，不在单个副本，而在副本和主线之间有齿轮咬合,,2026-07-18T14:26:46+08:00
p2_w04_deep10.md,ST-002,p2_w04,超神机械师,齐佩甲,起点中文网,不是简单“游戏穿书”，而是把“玩家降临异界”的第四天灾写法拆成了两条卖点路线，尤其把“NPC 反向运营玩家”做成了强识别度原型；作者本人后来专门公开解释“第四天灾文”是什么，和作品内的玩法刚好互证。,,survey_not_ledger,deep_research,non_authoritative,未知,骨灰代练穿进公测前游戏世界，还成了原本要被玩家围观的 NPC,逃命起家→借玩家发育→职业树纵深展开→势力盘升级为文明盘,反向运营玩家／成长职业树／宏观势力推盘／吐槽反差,读者承诺不是单纯无敌，而是“看主角怎么把系统、玩家、势力三头一起薅,每次新阶段都要同时兑现新职业性能和新势力话语权,未知,它的快感核心不在一次性奇观，而在“每升一级都新增可调用对象”，所以很适合做长线工业化扩容,,2026-07-18T15:44:24+08:00
p2_w04_deep10.md,ST-002,p2_w04,神医嫡女,杨十六,公开材料可核到原连载起于逸云书院，后有多平台分发与实体出版,它不是“最早神医文”，但很像把“神医＋嫡女＋穿越＋宅斗＋空间/药房＋宫斗”拼装成成熟商品包的一部代表作，后来平台上大量同模版标题和简介都在沿这条路走。,,survey_not_ledger,deep_research,non_authoritative,未知,现代双料医官穿成受虐嫡女，开局就要在高压家门里止损反杀,后宅立威→医术出圈→宫斗联动→更大政治局,职业开挂／后宅反制／高门逆袭／情感互宠,看女主怎么把“会医,每逢等级跃迁，都要用一次更大的救治或更高层的反杀作兑现,未知,这类书真正管用的不是“神医”两个字，而是医术把剧情从宅门顶到朝堂的转场能力,,2026-07-18T15:44:24+08:00
p2_w04_deep10.md,ST-002,p2_w04,梦回大清,金子,晋江原创网首发连载，后由朝华出版社出版,公开媒体和读者长期把它视作“清穿鼻祖”或“清穿题材开山作”，更重要的是它把“故宫—清宫—阿哥恋爱线—历史人物认知钩”这套入口通俗化了。,,survey_not_ledger,deep_research,non_authoritative,未知,现代女孩故宫迷路后，直接坠进清宫内院与阿哥体系,陌生求生→情感卷入→宫廷危险升级→历史宿命回压,历史人物认知钩／多男主张力／现代视角错位／宿命感,读者要的不是硬核历史，而是“我熟悉的清宫人物会不会爱上现代我,感情越深，历史既定性越重，兑现靠情感与历史的互伤,未知,它最值钱的是一个极省认知成本的入口：地标熟、人物熟、风险熟，所以开局几章就能把读者拖进去,,2026-07-18T15:44:24+08:00
p2_w04_deep10.md,ST-002,p2_w04,极品家丁,禹岩,起点中文网,公开报道直接把它放在“历史穿越代表作”位置上，甚至有“家丁之前，极品不在；家丁之后，再无极品”的宣传语；它把“现代男主穿低位身份进高门，再一路打通商场、官场、战场、情场”的路线做得特别顺。,,survey_not_ledger,deep_research,non_authoritative,未知,销售经理穿进异时空，先做萧家大宅里的家丁,宅门立足→商业立功→高门扩权→国家级风波,低位逆袭／现代知识降维／多场景扩张／多女主关系网,读者要看一个草根入口怎么不停换桌子坐,每开一张新桌，都得让主角拿出一套新手段证明自己有资格坐下,未知,它厉害的地方不是“家丁”两个字，而是把低位入口做成了高频转场器,,2026-07-18T15:44:24+08:00
p2_w04_deep10.md,ST-002,p2_w04,杜拉拉升职记,李可,图书出版，非典型网文首发,公开报道和学界评论都把它放在职场小说热的关键位置，且“杜拉拉”已经被当成白领奋斗的文化符号。,,survey_not_ledger,deep_research,non_authoritative,未知,普通白领进入外企体系，先学规则，再做项目，再争位置,职场小白→流程熟手→项目负责人→中层管理者,现实上升通道／规则学习快感／项目闯关／微观职场心理,不卖大开大合，卖“你也许真的能用上,项目成功和头衔上升要同步发生，不然成就感会空,未知,它是把升级文的台阶，换成了外企项目和组织流程,,2026-07-18T15:44:24+08:00
p2_w04_deep10.md,ST-002,p2_w04,我有一座冒险屋,我会修空调,起点中文网,它把“濒临倒闭的恐怖屋经营”接上“黑色手机任务”和“都市怪谈副本”，相当于把经营文、惊悚文、闯关文焊在一个入口上；它上架表现和后续实体、有声、海外传播都很强。,,survey_not_ledger,deep_research,non_authoritative,未知,继承快倒闭的恐怖屋，还拿到一部会指派危险任务的黑色手机,小场景试单→城市怪谈扩图→主线身世回收→大规模惊悚生态成形,经营升级／怪谈闯关／谜案追索／恐怖反差温情,既要吓到你，也要让你看到场景背后的人情债,每个大副本既解锁新恐怖资源，也推进家族主线,未知,这本的高效之处，在于把“来生意”和“来任务”做成了同一件事,,2026-07-18T15:44:24+08:00
p2_w04_deep10.md,ST-002,p2_w04,总裁在上我在下,姜小牙,趣阅小说网／掌阅体系公开报道可核,它把“偏执霸总＋年轻漫画家＋误认孩子／囚爱＋高点击 IP 转化”这套现代言情商品包做得非常纯，也因此常被并入霸总启蒙样本。,,survey_not_ledger,deep_research,non_authoritative,未知,三流漫画家被偏执总裁因旧案误会强行卷入私域生活,高压接触→秘密反复翻面→情感拉扯加重→身份与创伤回收,强控制关系／秘密追索／阶层反差／甜虐切换,卖点是“他这么疯，为什么偏偏只对她失控,每轮情感升级都要伴随旧秘密的新解释,未知,这类书的驱动不是总裁身份本身，而是“权力失衡＋秘密误认”共同绑人,,2026-07-18T15:44:24+08:00
p2_w04_deep10.md,ST-002,p2_w04,异常生物见闻录,远瞳,起点中文网,公开媒体和评论都把它当成远瞳“硬科幻＋轻小说／吐槽风”路线的代表作之一，它把“普通房东＋一屋子异常房客＋宇宙审查官劳动合同”做成了很强的世界接缝。,,survey_not_ledger,deep_research,non_authoritative,未知,只想平安过日子的小房东，突然收进一屋子不正常房客，还签下一份来自神明的劳务合同,同居日常建连结→个体异常背后挖文明史→宇宙级问题上桌,合租收容／吐槽日常／文明考古／轻重反差,先让你把这群人当邻居，再让你发现他们背后是一整片宇宙,每个房客都不只回收个人线，还要回收到更大的文明线,未知,它的杀伤力在“低门槛生活戏通往高门槛宇宙戏”的坡度设计,,2026-07-18T15:44:24+08:00
p2_w04_deep10.md,ST-002,p2_w04,庶女攻略,吱吱,起点女生网,公开媒体直接把它称为“庶女宅门小说的先驱者”“古言天后代表作”，评论里频繁把它放在“宅斗／种田文鼻祖级”位置；它还被认为开启了一代“种田文”风。,,survey_not_ledger,deep_research,non_authoritative,未知,现代单身律师穿到明朝高门，先做不被看见的庶女，再被推入更难的继室位置,家门低位求生→婚配换桌→高门持家→更大的家族与家国责任,礼法博弈／细水长流成长／家务资源化／高门求生,不是爽翻天，而是看女主怎么在规则最密处慢慢长出空间,每次位置上移都要体现在别人对她的规矩和态度发生变化,未知,它把“升级”埋在日常礼法里，所以读起来不炸，但很耐用,,2026-07-18T15:44:24+08:00
p2_w04_deep10.md,ST-002,p2_w04,小兵传奇,玄雨,起点中文网,学术文章、行业报告和平台资料都把它放在网络科幻早期里程碑位置，常被称作网络科幻开山作、星际机甲流开创者之一，还在起点商业化早期起过关键流量作用。,,survey_not_ledger,deep_research,non_authoritative,未知,野心很直白的少年，从一个最底层士兵往上冲,个人军旅升级→掌军升级→舰队升级→文明级战争升级,军旅上升通道／星际战争奇观／机甲与舰队联动／草根元帅梦,读者追的是“能不能真从最底层一路坐到兵权顶端,每次升级都必须给新兵权、新战场和新敌手,未知,它厉害的地方，是把宏大星际战争拆成非常好懂的台阶,,2026-07-18T15:44:24+08:00
p2_w05_deep10.md,ST-002,p2_w05,唐砖,孑与2,起点中文网，微信读书可见正版目录页,轻松历史／点子兑现种田｜公开作者资料直接把《唐砖》说成以“轻松、幽默”给历史小说带来突破，媒体讨论改编时又常把它称作“唐穿第一书”；,,survey_not_ledger,deep_research,non_authoritative,是,从现代人突然跌进熟人朝代开场，认知钩是“我知道这是谁的时代，但我不甘心只做旁观者”,先立足，再靠连续点子兑现换信用，再进入更大的家国局面,轻喜感、历史熟脸再遇、点子落地、盛世补憾、人物抬升,看主角怎样把众所周知的大唐，改造成作者心里那个更能住人的大唐,每一轮点子兑现都不是单独爽点，而是身份、关系、时代观感一起上升,未知,公开简介和作者页都把“轻松幽默”“改写大唐”放在前台，说明它的核心不是朝堂阴谋密度，而是穿越知识如何不断变成可见收益,,2026-07-18T16:43:34+08:00
p2_w05_deep10.md,ST-002,p2_w05,临高启明,吹牛者,起点中文网，微信读书可见正版目录页,集体穿越＋制度工业基建｜光明网直接把它归到“工业系群体穿越”，相关座谈与书圈讨论又把它称作“历史穿越说明书”；,,survey_not_ledger,deep_research,non_authoritative,是,认知钩不是“我穿了怎么办”，而是“我们带着什么方案去穿”,会议定问题，落地试运行，出现资源/人力/秩序反噬，再回到制度修正,群像协作、工业细节、制度博弈、旧秩序改造、长链建设,看一群现代人如何把现代组织能力而不只是现代知识，搬进古代,每一轮升级的真正回报不是新机器本身，而是“这个组织终于能自己运转,未知,目录页前期大量会议章节太有辨识度，已经说明这书把“制度讨论”当正文，不当背景设定,,2026-07-18T16:43:34+08:00
p2_w05_deep10.md,ST-002,p2_w05,修真聊天群,圣骑士的传说,起点中文网，微信读书可见正版目录页,诸天聊天群日常爆梗｜公开书页把“误入群聊、群友全是道友”的机制写得非常前台，书圈讨论又直接说它带起过聊天群风潮；,,survey_not_ledger,deep_research,non_authoritative,是,普通人被误拉进不可信的群，认知钩是“这帮人到底是在玩梗，还是我真的误入了另一个世界”,线上玩笑—线下验证—小修真事件—更大群内事件，一路滚大,误会爆笑、社交身份梗、都市修真反差、群像接力、道具兑现,看一个正常人怎样一步步发现，中二群其实比现实还真,每次“以为是玩笑,未知,简介和章节入口都把“误入群”写死了，这种开局一眼就说明它卖的是“社交入口＋修真落地”的复合快感,,2026-07-18T16:43:34+08:00
p2_w05_deep10.md,ST-002,p2_w05,后宫·甄嬛传,流潋紫,网络连载后出版，公开页未见一致首发站,宫斗位分／阵营晋升｜作者因该书走红网络并获腾讯杯原创文学大赛一等奖，后续改编剧成现象级，公开书页又把“后宫争斗”与完整制度摆得非常前；,,survey_not_ledger,deep_research,non_authoritative,是,从少女准备入宫或刚入宫的视角切入，认知钩是“看似礼法森严、实则步步吃人的高门体系”,被动入局—试探站位—短暂得宠—反噬落难—再度上升，晋升不是直线,位分抬升、阵营换边、礼法压迫、情感幻灭、反杀回收,看一个初入宫的普通女主，如何在位分制度和阵营压力里学会生存并夺回主动,每一次称谓变化、宫室变化、封号变化，都会带来具体权力变化,未知,公开制度表已经把这类文本最重要的“秩序壳”亮出来了，所以它真正可借的不是某一招害人技巧，而是制度如何持续制造紧张,,2026-07-18T16:43:34+08:00
p2_w05_deep10.md,ST-002,p2_w05,大唐双龙传,黄易,实体连载/出版，现可见微信读书电子版,港台武侠源头／双男主天下局｜微信读书页把它称作黄易代表作之一，中国作家网又直接谈到黄易对网络文学、玄幻文法的强影响；相关研究还特别指出它带出的互文、仿写和次生创作效应；,,survey_not_ledger,deep_research,non_authoritative,是,从乱世底层小混混偷得大机缘起步，认知钩是“两个最不该入场的人，偏偏拿到了入场券”,逃命求生—奇遇练成—结交高手—卷入群雄—天下与心性双线收束,双男主对照、乱世大盘、奇遇升级、江湖名场面、天下局,看两个街头少年如何把偶然机缘一路做成影响天下的本钱,人物关系和历史大局会不断交叉回收，单次胜负很少是终局,未知,公开简介已经把“两小混混—一代宗师—改变历史走向”说得很清楚，这就是它最核心的叙事发动机,,2026-07-18T16:43:34+08:00
p2_w05_deep10.md,ST-002,p2_w05,第一序列,会说话的肘子,起点中文网，微信读书可见正版目录页,废土壁垒＋组织势力上升｜起点与微信读书书页都把“废土之上、壁垒拔地而起”写得很前，中国作家网完结报道也把它当作者在《大王饶命》之后的重要代表作来谈；,,survey_not_ledger,deep_research,non_authoritative,是,从“脑子有病”的少年和墙内外生存现实切入，认知钩是“这个世界表面还活着，其实秩序已经断裂”,底层求生—资源攒取—能力显露—卷入组织—进入更大壁垒局,废土压迫感、小人物机灵求生、壁垒设定、组织升级、情义提纯,看一个不被看好的底层少年，如何在墙内外夹层里长成新的秩序变量,所有早期求生技都不会白给，后面都会转成组织价值或战略价值,未知,目录页前几章把“脑子有病”“墙与科学”“卖药”放在一起，已经说明它先卖的是底层生存张力，再慢慢开大盘,,2026-07-18T16:43:34+08:00
p2_w05_deep10.md,ST-002,p2_w05,圣墟,辰东,起点中文网，微信读书可见正版目录页,灵气复苏＋进化地图｜书页本身就把“枷锁被打开、全新世界揭开一角”写得很清楚，南都和封面新闻又直接把它称作灵气复苏流的开山或代表之一；,,survey_not_ledger,deep_research,non_authoritative,是,从沙漠异象彼岸花开场，认知钩是“现实还叫现实，但现实已经开始变种”,异象发现—局部进化—神山/禁地探索—更大地图扩开,灵气复苏、异变奇观、进化爆发、地图连续抬高、宇宙级扩盘,看现代世界怎样在一次次异变里重新变成可修炼、可争霸的世界,每次环境变化都不是背景板，而会把人物层级和版图一起抬高,未知,章名从“彼岸花”“后文明时代”“青铜昆仑”“神秘呼吸法”一路排开，已经足够说明它的驱动是“异变—发现—进化—扩图”,,2026-07-18T16:43:34+08:00
p2_w05_deep10.md,ST-002,p2_w05,学霸的黑科技系统,晨星LL,起点中文网，微信读书可见正版目录页,学术任务驱动科技系统｜起点和微信读书把“系统”“学霸”“从证明题到无垠星空”直接摆在简介里，书评中也普遍把它归到“系统科研文”；,,survey_not_ledger,deep_research,non_authoritative,是,从缺钱大学生、打工挫败和系统降临切入，认知钩是“别人系统带你暴富，这个系统逼你学习”,刷题／刷书—证明题—论文发表—学术声望—项目与产业扩张,逆袭爽感、知识变现、论文连爆、科技跃迁、国家级项目,看一个本就有底子的学生，怎样在系统驱动下把学术成绩一路推到改变世界,每一级成果都要先经过学习和研究，不是直接跳终局,未知,前几章目录名和讨论材料都说明了，这书的真爽点不是抽奖本身，而是“学术过程被包装成了可以追更的升级链”,,2026-07-18T16:43:34+08:00
p2_w05_deep10.md,ST-002,p2_w05,冠军教父,林海听涛,起点中文网，微信读书可见正版目录页,体育教练流／弱旅改造｜林海听涛作者页直接被介绍为“网络竞技小说第一人”，而《冠军教父》还有专门的名家导读，明确把它视作网络竞技文代表；,,survey_not_ledger,deep_research,non_authoritative,是,一上来就是托尼·唐恩与俱乐部危机，认知钩是“这个看着不好相处的人，真能把该赢的球赢出来吗”,临危接手—整顿更衣室—比赛检验—赛季累积—身份坐稳,弱旅逆袭、教练嘴炮、战术兑现、球队化学反应、赛季长线,看一个主教练怎样把散沙球队拧成能赢的大队,每场球不仅决定比分，也决定教练威望、球员认同和俱乐部走向,未知,目录页前二十多章已经把主席、训练、裁判、客场、更衣室全摆出来，说明它的主轴就是“俱乐部系统运转”,,2026-07-18T16:43:34+08:00
p2_w05_deep10.md,ST-002,p2_w05,文化入侵异世界,姐姐的新娘,起点中文网，QQ阅读／微信读书可见正版页,文娱输出反向征服异界｜起点、QQ阅读的简介都直接写明“这次不走武力征服，这次走文化胜利”，相关资料还把它当作者代表作和这一路脑洞文的代表性书名来提；,,survey_not_ledger,deep_research,non_authoritative,是,从游戏设计师穿进异界荒村／魔族环境开场，认知钩是“别人穿越想活命、打天下，他先想做内容和渠道”,单个爆款内容—受众上头—渠道搭建—平台化运营—跨种族关系重组,文娱安利、平台经营、异界受众反应、文化软实力、轻喜脑洞,看地球文娱如何一步步把异界从敌我冲突拖进共享娱乐,每次内容成功，回报都不止票房或喝彩，而是认知和秩序发生偏转,未知,公开页反复强调“电影、游戏、互联网商店、文化胜利”，这说明它最可借的不是梗量，而是“内容＋渠道＋观念变化”的连续链,,2026-07-18T16:43:34+08:00
p2_w06_deep10.md,ST-002,p2_w06,圈子圈套,王强,纸书＋微信读书,IT外企销售／大单攻防｜平台文案直接把它打成“职场商战开山之作”，而且王强访谈明确说过，书里人物和事件都有真实原型；这就让它在“外企销售＝项目战、信息战、人情战”的位置上，天然被当成模板。,,survey_not_ledger,deep_research,non_authoritative,是,“主角差一步扶正，却被好友和爱人同时背刺”,项目战—失势—重组—再战,商战信息差、熟人反噬、职场复仇、外企内幕,看会做项目的人，怎么在组织里活下来,赢回项目不是终点，赢回位置才是,未知,这书的节奏不是升级，而是**每轮项目都同时改写组织位置**,,2026-07-19T05:21:16+08:00
p2_w06_deep10.md,ST-002,p2_w06,输赢,付遥,纸书＋微信读书,投标销售攻防战｜官方简介把核心卖点写得很直白——两大跨国企业争夺银行超级订单；而付遥本人履历又明确来自 IBM、戴尔销售与培训体系，所以它很容易被当成“国产大客户销售方法论的小说版”。,,survey_not_ledger,deep_research,non_authoritative,是,“战功赫赫的销售总监被调京、被拆班底、被压不可能指标”,季度冲刺式推进，几乎天然支持周度／阶段性小高潮,方法论实战、项目围猎、旧情对台、团队补位,看会卖的人怎么用流程和判断逆转不可能单,成交＝职业尊严恢复,未知,这书最能借的不是商战皮，而是**把销售流程写成一套可追更的战术进度条**,,2026-07-19T05:21:16+08:00
p2_w06_deep10.md,ST-002,p2_w06,浮沉,崔曼莉,纸书＋微信读书,外企销售撞国企改制｜公开简介把“前台转销售＋7 亿大单＋卷入国企、私企和外企黑幕纠纷”写得很明白，电视剧介绍也反复强调国企改制、官商关系和职场斗争，所以它常被当成“职场成长线碰到体制泥潭”的母型。,,survey_not_ledger,deep_research,non_authoritative,是,“一个低岗位白领为了跳出天花板转销售，立刻撞上超大项目”,菜鸟试错—学会站位—被卷进更大系统,职场升级、体制摩擦、女性成长、项目险局,看普通职场人如何在一场改制漩涡里活成懂规则的人,职位成长只是表层，真正 payoff 是看清局,未知,它比《输赢》更强的地方，不在方法论，而在**市场逻辑和体制逻辑的撞击面**,,2026-07-19T05:21:16+08:00
p2_w06_deep10.md,ST-002,p2_w06,官居一品,三戒大师,起点中文网／微信读书,科举官场＋制度技术流｜起点明确标完结；光明网评论抓得很准，它不是靠空降先知碾压，而是用精细笔法写“现代人如何合理地在古代生存并获得成功”，而且后文直接点到科举考场、门生座主网络、官场制度。,,survey_not_ledger,deep_research,non_authoritative,是,“不受重视的少年立志靠科举翻盘”,家族生存—科举闯关—地方任事—中枢博弈,制度拆解、古代求生、官场权谋、明史细部,看一个现代人如何按古代规则爬上去,会考试的人，最后得会治事,未知,这书最能借的，是**把制度上升通道本身写成爽点**,,2026-07-19T05:21:16+08:00
p2_w06_deep10.md,ST-002,p2_w06,我的末世基地车,黑暗荔枝,起点中文网,末世基地车领地经营｜官方简介一句话就把母设定钉死了——交通工具可被扫描和改装升级；作者官方介绍又把这本列成末世代表作之一，所以“移动载具＝领地核心”的思路基本就是它这一型最醒目的招牌。,,survey_not_ledger,deep_research,non_authoritative,是,“末世将至，主角先拿到一辆可升级的交通工具”,单车求生—功能扩展—战斗化—共同体附着,改装爽、移动庇护所、安全感、资源搜集,看主角把一辆车养成一个会跑的基地,升级不是面板数字，是生活空间升级,未知,它最值钱的点，是把领地经营改写成了**移动平台经营**,,2026-07-19T05:21:16+08:00
p2_w06_deep10.md,ST-002,p2_w06,黑暗血时代,天下飘火,起点中文网／QQ阅读,黑暗末世生存｜它的母设定极硬——太阳消失、世界无光、寒冷与黑夜常态化；章节列表开头又连续给出“太阳消失／恐慌／黑暗时代／怪物降临”，所以它很容易被视作“黑暗压迫型末世”的典型起手。,,survey_not_ledger,deep_research,non_authoritative,是,“太阳没了，世界立刻脱轨”,局部求生—掌握生存技—遭遇更大群体危机,压迫生存、灾变沉浸、黑暗探索、规则迟揭,看人在无光世界里如何活下去,能解释黑暗的，最后才算真正有力量,未知,它的核心不是传统末世升级，而是**环境先压死人，再允许体系慢慢显形**,,2026-07-19T05:21:16+08:00
p2_w06_deep10.md,ST-002,p2_w06,全球进化,咬狗,起点中文网／QQ 阅读,生态异变末世｜官方简介直接从寒武纪生物大爆发切入，把末世解释框架绑到“物种快速进化”；章节页又明确有“黑红雾气”这类起手，所以它是“生态位翻盘型末世”的很典型母本。,,survey_not_ledger,deep_research,non_authoritative,是,“普通高四复读生在高考放榜后遇上红雾末世”,城市生存—生态压迫—规则揭示,生态恐怖、科学味末世、弱者求生、世界谜底,看普通人被整个进化生态往下按,知道规则，比单变强更重要,未知,这书最独特的，是**末世不是人互打，而是人类从食物链顶端被掀下来的过程**,,2026-07-19T05:21:16+08:00
p2_w06_deep10.md,ST-002,p2_w06,废土生存守则,暗尘弥散,起点中文网／QQ 阅读,避难所训练→废土｜官方简介把母结构说得非常清楚——地表不可居，地下避难所为了训练幸存者强制推广沉浸式废土游戏，而且游戏里没命会反噬现实补给。这种“训练先于开荒”的双层结构很少见，所以很容易被当成同类原型。,,survey_not_ledger,deep_research,non_authoritative,是,“地下避难所幸存者被扔进一个不认真玩就会现实断氧的游戏”,模拟求生—装备熟练—地表实战,规则压迫、装备推进、系统冷酷、废土训练营,看人被迫学会废土生存,活到能上地表，本身就是升级,未知,它最能借的，是**把教程关写成生死关**,,2026-07-19T05:21:16+08:00
p2_w06_deep10.md,ST-002,p2_w06,间客,猫腻,起点中文网,废星少年卷入联邦大局｜起点书页把开端说得很准——许乐来自荒凉半废弃星球，带着奇怪知识进入更大世界；文汇报把它列到“中国网络文学 20 年 20 部优秀作品”第一，猫腻自己又在后记里承认它骨子里是“个人英雄主义武侠小说”。这三点一叠，它就成了“写实感科幻政治卷入”的典型样本。,,survey_not_ledger,deep_research,non_authoritative,是,“废星少年进入中心世界”,具体事件层层往上钉，最后被宏大结构固定,写实科幻、道德英雄、体制卷入、个人选择,看一个有道德感的小人物如何在大局中不被磨平,信念的坚持比开挂更值钱,未知,《间客》的厉害，不在爆设定，而在**把未来科幻写出近现实政治小说的质感**,,2026-07-19T05:21:16+08:00
p2_w06_deep10.md,ST-002,p2_w06,希灵帝国,远瞳,起点中文网／QQ 阅读,吐槽日常包宇宙级帝国｜作者自己就在简介里写“不是帝国争霸，不是异界风云，更不是升级练功”，而是“硬科幻救世文”外壳下的“欢乐无节操救世日常”；光明网评论又点名《希灵帝国》的吐槽欲极强，所以它常被当成“日常喜剧承载宇宙级世界观”的母型。,,survey_not_ledger,deep_research,non_authoritative,是,“混吃等死的伪宅忽然成了帝国元首”,角色收束式日常—设定膨胀—宇宙级任务,吐槽、亲缘感、设定爆量、反差式宏大,看一个像喜剧的故事，最后扛起超级宇宙,前面越像家常，后面越显帝国,未知,这书最能借的其实就一件事：**怎么让宇宙级设定先以生活感进入读者脑子**,,2026-07-19T05:21:16+08:00
