window,title,part_name,part_kind,cognitive_job,key_rules_text,migratability,common_misborrow,arch_slot_candidate,mountability,part_evidence_level,source_report,ingested_at
p2_w02,放开那个女巫,工业化魔法协作,力量表/资源,读者不用先学一整套玄学，只要理解“能力分工可以转生产力”就能进戏,女巫能力是可分工的；工程知识优先落在火药、蒸汽、材料、制造等看得见的产出上；政治与产能扩张绑在一起；魔法不负责替代工业，而是补工业短板,高,只抄“造枪造炮”不写制度、供应和人员组织,rules,可挂候选,强,p2_w02_deep10.md,2026-07-18T14:03:06+08:00
p2_w02,放开那个女巫,异端到资产,势力/信息差/禁忌,读者能迅速明白女巫既是被迫害者，也是新秩序生产节点,旧秩序把女巫当异端；新秩序把她们重新分配到生产、军事、情报和治理链条；身份转译本身就是剧情推进器,高,把“女巫团”写成收集卡牌，没写社会位置变化,reader_promises,可挂候选,强,p2_w02_deep10.md,2026-07-18T14:03:06+08:00
p2_w02,放开那个女巫,边疆基建-王权扩张,地图/势力/资源,不用先铺大帝国史，先从边地起盘就行,小地方先成为实验田；实验田一旦跑通，就反向吞并更大格局；地图扩张跟技术扩张同步,高,一开局就全国改革，缺少边地缓冲带,narrative_units,未知,中,p2_w02_deep10.md,2026-07-18T14:03:06+08:00
p2_w02,全职高手,荣耀职业体系,力量表/规则,不懂电竞也能跟，因为每个职业和操作角色都能转成可视化分工,先有统一游戏，再有职业联赛；职业差异既服务对战，也服务人物辨识；自制武器提供破格感；现实战队与游戏角色双线绑定,高,只抄职业名和技能名，不写联赛生态,rules,可挂候选,强,p2_w02_deep10.md,2026-07-18T14:03:06+08:00
p2_w02,全职高手,退役大神低位重开,信息差/叙事装置,一句“巅峰选手被俱乐部驱逐”就解释了能力高和处境低的反差,名望在上、位置在下；低位入口让读者一路看回归；旧敌旧友都成资源和阻力,极高,只写“高手装萌新”，忘了职业体系的历史债,narrative_units,未知,强,p2_w02_deep10.md,2026-07-18T14:03:06+08:00
p2_w02,全职高手,战队是主角群，不是背景墙,势力/人物关系母型,读者不必硬记几十人，只要按战队理解协作和对立就行,战队既是组织，也是人物命运容器；对手也能被写出职业尊严；团队协作比单人神打更重要,高,把队友写成主角技能挂件,reader_promises,可挂候选,强,p2_w02_deep10.md,2026-07-18T14:03:06+08:00
p2_w02,知否？知否？应是绿肥红瘦,门第生存学,势力/状态事实,不用跟读者补大朝史，只要看家族门第就能明白角色起落,庶出身份决定初始筹码偏低；家族决定婚配边界；礼法不仅管行为，也管声名；一场飞来横祸能连坐整家人的安全感,高,只抄宅斗小心机，不写门第如何决定命运边界,state_facts,不可挂,强,p2_w02_deep10.md,2026-07-18T14:03:06+08:00
p2_w02,知否？知否？应是绿肥红瘦,祖辈庇护-内宅信息差,信息差/人物关系母型,读者能迅速理解谁是安全屋、谁是风险源,长辈庇护决定成长窗口；家庭里真正有用的信息不会平均发放；会做人比会吵架更重要,高,把祖母写成万能外挂,reader_promises,可挂候选,中,p2_w02_deep10.md,2026-07-18T14:03:06+08:00
p2_w02,知否？知否？应是绿肥红瘦,婚配即治理,势力棋盘/资源,恋爱线和制度线不必两张皮，婚配本身就是阶层流动手段,择偶是政治与生活的双重决策；女性生存不只看宠爱，还看能否经营关系网络；进入新门第就是进入新地图,高,把婚后写成纯甜宠，丢掉治理维度,payoffs,可挂候选,强,p2_w02_deep10.md,2026-07-18T14:03:06+08:00
p2_w02,人渣反派自救系统,读者入侵原作,信息差/叙事装置,主角知道原作走向，读者就自动知道“为什么他这么怕”,主角知道自己处在一本烂尾/套路化原作里；他不是来升级，而是先保命；任何偏离原作的善意都可能改写关系走向,极高,只抄穿书，不给主角足够的原作知识负担,narrative_units,未知,强,p2_w02_deep10.md,2026-07-18T14:03:06+08:00
p2_w02,人渣反派自救系统,反派位死亡倒计时,禁忌/状态事实,读者不用再猜风险，反派身份本身就是炸弹,原作结局很惨；反派标签让主角天然站在错误位置；一切自救都带着延后爆雷的味道,高,把反派自救写成轻松换号重开,reader_promises,可挂候选,强,p2_w02_deep10.md,2026-07-18T14:03:06+08:00
p2_w02,人渣反派自救系统,修仙壳里的套路吐槽,信息差/读者承诺,只要读者见过一点男频/种马文套路，就能秒懂戏仿方向,外层是修仙师徒文；内层是对原作套路的吐槽与拆解；喜剧感来自内心独白和现实落差,高,只保留吐槽，不给角色真情感和真风险,reader_promises,可挂候选,中,p2_w02_deep10.md,2026-07-18T14:03:06+08:00
p2_w02,死亡万花筒,十二门,地图副本/规则,副本入口统一成“门”，读者一秒知道这章是不是进新关,现实空间会突然裂出门；门后一关一个局；门越往后风险越高；门既是地图，也是寿命/生还资格的判定口,高,只抄‘副本一扇门’，没给门外世界和门内代价,rules,可挂候选,强到中,p2_w02_deep10.md,2026-07-18T14:03:06+08:00
p2_w02,死亡万花筒,钥匙生还,资源/禁忌,读者不必跟你猜结算条件，只要盯住钥匙与通关就行,门内不是纯杀戮秀；活下去要解规则；拿到钥匙才算真正过门；门内恐怖与谜题捆在一起,高,把副本写成纯打怪，不写解谜和结算,rules,可挂候选,中,p2_w02_deep10.md,2026-07-18T14:03:06+08:00
p2_w02,死亡万花筒,门外喘息、门内恐怖,叙事装置/读者承诺,读者天然知道节奏会在闯关和人物关系之间切换,门外是休整和关系推进带；门内是压迫和真相带；两区反差让恐怖和情感都更稳,高,全程只刷副本，人物关系没有呼吸面,reader_promises,可挂候选,中,p2_w02_deep10.md,2026-07-18T14:03:06+08:00
p2_w02,神秘复苏,厉鬼三规则,规则/禁忌,读者不用问‘主角怎么打怪’，因为这类鬼本来就不是拿刀砍死的,鬼无法被正常杀死；能对付鬼的只有鬼；活人要靠洞察规律求生；恐怖来自规则不来自战力值,极高,把规则型恐怖又写回热血驱魔,rules,可挂候选,中,p2_w02_deep10.md,2026-07-18T14:03:06+08:00
p2_w02,神秘复苏,驭鬼者,力量表/资源/代价,主角为什么能活、为什么越来越危险，一条线就解释完,人借鬼之力求生；借来的同时会被反噬；越强越靠近失控边缘；活命和异化是一体两面,高,只借能力不借代价,rules,可挂候选,中,p2_w02_deep10.md,2026-07-18T14:03:06+08:00
p2_w02,神秘复苏,灵异事件城市图,地图/事件/状态事实,不用一次抛完整世界史，按城市事件一个个推开就行,一座城一件事就能当副本；灵异物件既是线索也是污染源；小事件会连成更大灾变,高,每次新鬼都像平地冒出来，没有旧事件沉淀,events,不可挂,中,p2_w02_deep10.md,2026-07-18T14:03:06+08:00
p2_w02,十日终焉,十日轮回,规则/时间装置,读者立刻明白失败不是直接清零，而是进入一套更残酷的重置机制,参与者被困终焉之地；每十日为一个轮回；第十一天会失忆复活；少数人能保留记忆或在轮回中撬出优势,极高,只抄循环，不给循环附带记忆与身份成本,rules,可挂候选,强,p2_w02_deep10.md,2026-07-18T14:03:06+08:00
p2_w02,十日终焉,生肖分级游戏,地图副本/势力/规则,不用一章章重讲难度体系，天/地/人三级和十二生肖已经是天然索引,游戏由十二生肖掌管；多以怪诞国风为基调；同一大框里有分级、分题材、分博弈方式的空间；逃离要靠持续攻略游戏而非一把梭,高,只抄生肖壳，不给每个掌局者独特逻辑,rules,可挂候选,强,p2_w02_deep10.md,2026-07-18T14:03:06+08:00
p2_w02,十日终焉,回响,力量表/信息差,超能力不是白送外挂，而是轮回里极少数记忆/欲望的能力外化,只有极少数人会觉醒；能力和现实欲望、人格执念有联系；能力不是万能开门器；高智斗仍然压过纯能力碾压,高,把回响写成随便开挂,rules,可挂候选,强,p2_w02_deep10.md,2026-07-18T14:03:06+08:00
p2_w02,佛本是道,地仙界神谱,地图/势力/状态事实,不用重造原创神话，只要把读者熟悉的神佛谱系重新排位即可,古典神话人物全部纳入统一宇宙；神佛妖仙都进入一张谱系图；地位高低与道统所属决定资源和冲突边界,高,人名堆满天，关系却不清,entities,不可挂,强,p2_w02_deep10.md,2026-07-18T14:03:06+08:00
p2_w02,佛本是道,量劫-道统-封神再编,规则/势力棋盘,读者天然明白大冲突不靠私人恩怨，而靠天命和道统推进,三清、女娲、佛门等都是大势力；封神与西游不是旧故事引用，而是新秩序的法理来源；个人飞升要服从更高量劫逻辑,高,只借洪荒名词，不给‘谁管谁’和‘为什么打’,rules,可挂候选,强,p2_w02_deep10.md,2026-07-18T14:03:06+08:00
p2_w02,佛本是道,故事新编式修仙,读者承诺/信息差,读者靠旧神话记忆就能快速进入新设定,借旧人物、旧神话、旧典故；但冲突组织法是新的；熟悉感服务的是快入门，不是原样复诵,高,把新编写成百科搬运,reader_promises,可挂候选,强,p2_w02_deep10.md,2026-07-18T14:03:06+08:00
p2_w02,鬼吹灯,摸金规矩,禁忌/规则,读者不用追问盗墓凭什么成立，一句“摸金校尉+行规秘术”就能进戏,倒斗不是散人瞎闯；有传承、有秘术、有忌讳；胆子和专业缺一不可；规矩本身带来仪式感和危险感,极高,只抄黑话，不给专业可信度,rules,可挂候选,强,p2_w02_deep10.md,2026-07-18T14:03:06+08:00
p2_w02,鬼吹灯,半本《十六字阴阳风水秘术》,资源/信息差,秘术书一出，寻找、解释、破解三条线就都成立了,知识不完整，所以永远有误判和未知；风水不仅是名词，也是解谜工具；半本残缺比全本更能推悬念,高,给主角一本全知手册,resources,不可挂,强,p2_w02_deep10.md,2026-07-18T14:03:06+08:00
p2_w02,鬼吹灯,铁三角古墓副本,地图副本/人物关系母型,一支稳定探险小队，能把恐怖、吐槽、专业、情感全分工掉,每一部古墓就是一张新地图；三人组承担不同功能；上一代秘闻会反哺下一代副本；副本推进和身世谜团同步展开,极高,只抄三人组嘴炮，不写地宫设计和民俗逻辑,reader_promises,可挂候选,强,p2_w02_deep10.md,2026-07-18T14:03:06+08:00
p2_w02,龙蛇演义,国术实战谱,力量表/规则,读者不用接受玄幻真气，只要接受‘这是一套近身杀伤学’就能看懂升级,国术主死不主秀；技击来自长期打磨与实战验证；不同拳种是不同路数不是皮肤；拳理要能转成对战结果,高,只列拳种名，不写身体感觉和实战代价,rules,可挂候选,强,p2_w02_deep10.md,2026-07-18T14:03:06+08:00
p2_w02,龙蛇演义,现代社会里的江湖,势力棋盘/地图,你不用把舞台放古代，也能有江湖,黑帮、黑拳、秘密组织、国际资本都能牵进来；现代秩序之下仍有地下搏命世界；武术不是风景，是生存和力量话语,高,把现代背景只是当服装，不写地下秩序,state_facts,不可挂,强,p2_w02_deep10.md,2026-07-18T14:03:06+08:00
p2_w02,龙蛇演义,师承引路，极限爬升,成长表/人物关系母型,唐紫尘一出场，主角的门、路、标杆都齐了,先被看见，再被领进门；天分不替代苦练；真正成长靠一次次生死局校正；师承既给技，也给世界入口,高,给主角名师，却不给他足够肉身训练期,payoffs,可挂候选,强,p2_w02_deep10.md,2026-07-18T14:03:06+08:00
p2_w03,飘渺之旅,跳图式星球修真,地图/信息差,不用先把整套仙界史讲明白，只要告诉读者“下一颗星球＝更高文明/更怪奇物”，读者就会自动接受换地图,修真不只在一山一门；传送阵负责剪掉长途路程；每一站都靠新奇规则维持阅读动能；中式修真能和科技、古堡、异兽并存；奇观本身就是叙事燃料,高,只学“跳图”，不配套新规则，最后每站只是换背景板,none,不可挂,中,p2_w03_deep10.md,2026-07-18T14:26:46+08:00
p2_w03,飘渺之旅,境界链＋法宝通货,力量表/资源,读者只要盯住“更高境界、更强法宝、更稀有材料”，就能迅速理解成长方向,战力和境界绑定；法宝是战斗力也是世界说明书；丹药、飞升、雷劫、传送阵等一起构成修真日常；资源并非纯后勤，而是推动剧情的硬货币,很高,只抄名词，没把资源流、交通流、风险流绑在一起,rules,可挂候选,中,p2_w03_deep10.md,2026-07-18T14:26:46+08:00
p2_w03,诛仙,师门修行三段式,力量表,读者不用学复杂宇宙论，只要知道青云门修行有清晰台阶，成长就能看懂,青云门核心功法是太极玄清道；境界分玉清、上清、太清；佛门与魔教各有自己的修法；主角同时背着多体系冲突前进,高,只抄三境界，不做体系冲突与伦理冲突,rules,可挂候选,中,p2_w03_deep10.md,2026-07-18T14:26:46+08:00
p2_w03,诛仙,正魔双棋盘,势力/信息差,不用讲一堆史书，读者天然就能站到“正道/魔教”二元对立里，再慢慢看边界被打碎,青云门、天音寺、焚香谷是正道显学；鬼王宗等魔教势力既是外敌也是情感入口；主角所站之处和他所爱之人不在同一边；立场冲突比纯升级更重要,很高,把正魔写成标签，不给每边一个可理解的人心逻辑,none,不可挂,中,p2_w03_deep10.md,2026-07-18T14:26:46+08:00
p2_w03,盘龙,位面法则阶梯,力量表,读者只要理解“更高位面＝更高法则掌控”，升级路径就非常清楚,奇幻外壳下是台阶式成长；个体强大来自对法则/规则的掌握；更高层并不只是数值更大，而是世界解释权更大；大地图和高位面天然自带后续承诺,很高,只学升级表，不学每层的规则差异,rules,可挂候选,强,p2_w03_deep10.md,2026-07-18T14:26:46+08:00
p2_w03,盘龙,家族债＋戒指奇遇,信息差/叙事装置,用“没落贵族少年＋神秘戒指”就能一口气交代血脉、复兴、师承、外挂四件事,起点要低；家族荣耀是外部任务；神秘遗物负责打开第一道门；主角能看到别人看不到的修行捷径；复仇与复兴和升级并行,高,把戒指写成万能许愿机，失去训练与代价,rules,可挂候选,中,p2_w03_deep10.md,2026-07-18T14:26:46+08:00
p2_w03,猛龙过江,现实与网游双战场,信息差/叙事装置,读者无需接受“游戏只是游戏”，因为游戏成绩会直接反哺现实地位与人际关系,网游不是支线；现实与网游互相抬升；游戏身份能改写现实形象；主角的社会爬升与游戏爬升同速进行,高,现实线只是后宫收割器，导致双线失衡,rules,可挂候选,中,p2_w03_deep10.md,2026-07-18T14:26:46+08:00
p2_w03,猛龙过江,强者金字塔叙事,力量表/读者承诺,一句“高高站在塔尖的只有少数人”就把男频胜利叙事立住了,主角不是普通玩家，而是将爬到顶层的人；天赋与好运被明写；比赛、秘务、跨国竞技都服务同一个“赢”字；美女与资源围绕胜者聚集,中,只剩无代价通吃，今天会显脏,reader_promises,不可挂,中,p2_w03_deep10.md,2026-07-18T14:26:46+08:00
p2_w03,步步惊心,知道大历史，不知道小人心,信息差,主角和读者都知道“九龙夺嫡”这件大事，因此不用再解释大局，只要看人在大局里怎样误判彼此,现代白领穿进康熙朝；她知道历史走向；但她不知道所有人的临场情绪与真实底牌；越想规避风险，越会被情感拉回局中,很高,只有历史小抄，没有人物误差，故事就会像攻略本,none,不可挂,强,p2_w03_deep10.md,2026-07-18T14:26:46+08:00
p2_w03,步步惊心,夺嫡宫廷站队禁忌,禁忌/势力,把复杂宫廷政治收束成“站队”“不站队”“站错队”三种读法，读者马上能入局,阿哥各自成派；后宫礼法与皇权秩序高于个人恋爱；女性位置天然脆弱；每一次亲近都可能被政治重新命名,高,把历史皇子写成标准霸总，失去制度压力,rules,可挂候选,中,p2_w03_deep10.md,2026-07-18T14:26:46+08:00
p2_w03,花千骨,十方神器倒计时,力量表/禁忌,不用讲一大摞神话史，只要讲“神器不能乱动、动了会放出更大灾祸”，危险就自动成立,十方神器各有权能；保神器是门派公共任务；偷神器不是小错，是世界级越界；神器和妖神/洪荒之力相连；救一人可能害六界,中高,把神器只是写成藏宝图，不写其道德代价,rules,可挂候选,中,p2_w03_deep10.md,2026-07-18T14:26:46+08:00
p2_w03,花千骨,师徒禁忌＋苍生优先,禁忌/势力,一条“掌门师父必须先顾天下”就能直接制造关系张力,白子画是长留掌门；花千骨是其唯一弟子；师徒亲密天然违法情理秩序；长留与七杀等势力构成外部压力；“苍生”和“我”不能同时被完整保住,很高,只学禁恋，不学责任与秩序压迫，于是只剩古偶糖虐,none,不可挂,强,p2_w03_deep10.md,2026-07-18T14:26:46+08:00
p2_w03,黑莲花攻略手册,炮灰女三错位入场,信息差/叙事装置,不用重建整个异世界，只要先给读者一个“原书角色位阶表”，他们立刻知道你处在危险位置,这是一本被写好的传奇；你不是主配线赢家；原身自带讨厌值；你的一举一动都在既有叙事里带来偏差；偏差就是戏,很高,只写穿书身份梗，不写“原剧情惯性”,rules,可挂候选,强,p2_w03_deep10.md,2026-07-18T14:26:46+08:00
p2_w03,黑莲花攻略手册,攻略目标错位,规则/信息差,系统一句“不是抢男主，而是攻略黑莲花弟弟”，就自动把故事从常规穿书文拧歪,目标不是官配中心；“黑莲花”说明对象危险且情绪不可测；攻略不是征服，是避免系统与人心双重失控；轻松语气下包着高风险目标,极高,把“黑莲花”写成单纯嘴坏，失去危险感,rules,可挂候选,强,p2_w03_deep10.md,2026-07-18T14:26:46+08:00
p2_w03,穿成男主白月光[快穿],白月光任务协议,规则/叙事装置,一句“给温暖→分手→促成官配”就把每个世界的任务闭环讲明白了,女主要在落难期出现；她必须足够高不可攀；温暖要及时但有限；在最热恋时切断；预期结果是男主转向命定女主,极高,只写白月光滤镜，不写任务时点和退出时点,rules,可挂候选,强,p2_w03_deep10.md,2026-07-18T14:26:46+08:00
p2_w03,穿成男主白月光[快穿],黑化反噬,信息差/规则,不用重新发明冲突，只要让男主在功成名就后不按剧本走，单元戏就全活了,原计划认为男主会按官配线前进；实际却集体黑化；任务本身制造情感债；每个世界可以套同一机制做变体；“反噬”就是追读动因,极高,黑化没有前因，只剩强制爱,rules,可挂候选,强,p2_w03_deep10.md,2026-07-18T14:26:46+08:00
p2_w03,洗铅华,恶毒女配生存录,叙事装置/信息差,读者天然知道“恶毒女配在原叙事里会死得很惨”，所以人物目标不用多解释，先活下来就够抓人,主角穿进书中成恶毒女配；她知道自己原定下场；保命优先于恋爱；自救会改写别人命运；改写越多，关系越乱,极高,只有“我知道自己是恶毒女配”这一句，没有真正的原剧情压力,rules,可挂候选,强,p2_w03_deep10.md,2026-07-18T14:26:46+08:00
p2_w03,洗铅华,撮合官配却卷入新情感,信息差/人物关系母型,一句“我要把原男女主撮回去”就把女主的初始路线说清楚，后续偏航自然成立,主角试图修复原官配；原剧情不是完全可靠；靠近男二/皇帝等新对象会带来新局；情感不是奖励，而是偏航产物,高,把撮合官配写成嘴上说说，没有真执行,none,不可挂,强,p2_w03_deep10.md,2026-07-18T14:26:46+08:00
p2_w03,欢迎来到噩梦游戏,真死副本机制,规则,一句“没有下线选择、没有死后重来，进来就得活到死”就把危险等级拉满,游戏与现实联通；玩家来自真实世界；医院只是新手村；之后有主线任务和副本世界；死亡是真死，不可读档,极高,只写恐怖场景，不写规则压力,rules,可挂候选,强,p2_w03_deep10.md,2026-07-18T14:26:46+08:00
p2_w03,欢迎来到噩梦游戏,单元副本＋长线主线并行,叙事装置/规则,不用靠单一地图撑长篇，每个副本是短爆点，主线世界观负责把它们串起来,新手村只是入口；后面副本进入平行时空；玩家会被赋予新身份；主线任务与副本任务并存；系列后续不断抬高大世界 stakes,很高,副本花里胡哨，主线空心,rules,可挂候选,中,p2_w03_deep10.md,2026-07-18T14:26:46+08:00
p2_w04,超神机械师,玩家—土著错位接口,信息差,省掉“为什么玩家行为和本地人逻辑完全不同”的解释成本,玩家会复活、能接任务、把世界当游戏、本地人无法理解其行为逻辑、主角能反过来利用这点做资源调度、世界因此自动长出喜剧和运营感,高，换成仙侠、末世、西幻都能跑,只抄“玩家是疯子”，却不写主角如何系统化使用玩家,rules,可挂候选,强,p2_w04_deep10.md,2026-07-18T15:44:42+08:00
p2_w04,超神机械师,多职业成长树＋图纸经济,力量表,省掉“能力升级为什么不乱套”的理解门槛,职业分支明确、机械师有多阶段进阶、成长要图纸和知识支撑、升级带来新玩法而不只是数值变大、职业差异天然制造对局与配队,高,只拿职业名，不拿资源约束和阶段解锁,rules,可挂候选,强,p2_w04_deep10.md,2026-07-18T15:44:42+08:00
p2_w04,超神机械师,星海势力棋盘,势力,省掉“大地图为什么值得一直往上打”的外部解释,星际背景包罗万象、职业和物种众多、宏观势力长期对峙、个人成长会挤进文明级冲突,中,只学“大宇宙设定”，不学势力与成长线的互锁,state_facts,不可挂,中,p2_w04_deep10.md,2026-07-18T15:44:42+08:00
p2_w04,神医嫡女,现代医术穿古代高门,资源,省掉“女主凭什么在高门站稳”这类立身成本,女主带现代中西医知识、医术既能救命也能断案或反杀、医疗能力能换人情和政治保护、医术是身份逆转的第一枚筹码,高,只留神医名头，不给病例、手段、代价与传播路径,rules,可挂候选,强,p2_w04_deep10.md,2026-07-18T15:44:42+08:00
p2_w04,神医嫡女,嫡庶礼法高压场,禁忌,省掉“后宅为什么一句话就能杀人”的社会解释,嫡庶差序明确、家族名分决定资源分配、婚姻联结直接接入政治、女主一开始在规则低位、反击不能只靠嘴硬必须有规则抓手,高,把宅斗写成泼妇吵架，礼法只是摆设,state_facts,不可挂,中,p2_w04_deep10.md,2026-07-18T15:44:42+08:00
p2_w04,神医嫡女,医院／药房变权力接口,信息差,省掉“女主怎么从家斗接到朝堂”的台阶成本,医术能跨阶层触达权贵、救治场景天然制造秘密、人情债能滚成政治资本、女主因此从家门走向更大舞台,中高,直接把女主送进皇宫，却没有职业接口过桥,rules,可挂候选,中,p2_w04_deep10.md,2026-07-18T15:44:42+08:00
p2_w04,梦回大清,故宫入口式穿越门,地图,省掉“为什么会突然穿清朝”的复杂解释,现代人从现实地标误入历史、穿越入口和清代皇宫直接绑定、现实读者对故宫早有既定印象、所以情境很快成立,中,生硬复制地标穿越，却没有后续礼法压力接住,rules,可挂候选,强,p2_w04_deep10.md,2026-07-18T15:44:42+08:00
p2_w04,梦回大清,阿哥棋盘型男主群,势力,省掉“多男主为什么天然有戏”的前置铺垫,历史人物自带性格与站队想象、读者对四爷十三爷等有预设、感情线和政治线天然互绑、每次站队都有情感后果,中,只借人名与站队，不写现代视角的误判成本,entities,不可挂,强,p2_w04_deep10.md,2026-07-18T15:44:42+08:00
p2_w04,梦回大清,现代视角撞上历史既定性,信息差,省掉“为什么这段恋爱一直带着宿命感”,主角来自现代、知道历史大概轮廓但不可能全知、情感不能轻易改写皇权结构、越投入越会看到历史的硬墙,高,把穿越者写成全知改命机器,rules,可挂候选,中,p2_w04_deep10.md,2026-07-18T15:44:42+08:00
p2_w04,极品家丁,家丁低位高机动入口,信息差,省掉“主角凭什么一进场就能近距离接触豪门核心”的台阶成本,身份很低、行动空间却大、既能见小姐也能见管家与商铺、低位让他可观察高门各层、读者天然知道他要往上爬,高,只借卑微身份，不给核心人物接触权限,rules,可挂候选,强,p2_w04_deep10.md,2026-07-18T15:44:42+08:00
p2_w04,极品家丁,现代销售脑转古代实操,资源,省掉“主角靠什么在古代立功”的技能说明,主角会营销、会社交、会包装、现代知识能立刻转成商业手段、再继续外溢到官场和战场,高,把现代知识写成万能点石成金，不写社会阻力,rules,可挂候选,中,p2_w04_deep10.md,2026-07-18T15:44:42+08:00
p2_w04,极品家丁,架空大华多场景联通,地图,省掉严格考据压力，又保留“像历史”的熟悉感,大华是架空王朝、宅门只是起点、后续可自然接商战官斗边疆战事、多线扩展依旧不脱轨,中高,只剩段子和后宫，不做多场景接续,state_facts,不可挂,中,p2_w04_deep10.md,2026-07-18T15:44:42+08:00
p2_w04,杜拉拉升职记,外企组织流程可视化,势力,省掉“办公室政治为什么能推动情节”的说明成本,公司有明确层级、项目和预算有流程、跨部门配合有摩擦、升迁与项目表现强绑定、管理者和执行者的认知差天然制造冲突,高,只写恋爱和撕逼，不写组织结构,state_facts,不可挂,强,p2_w04_deep10.md,2026-07-18T15:44:42+08:00
p2_w04,杜拉拉升职记,项目制晋升台阶,资源,省掉“为什么她会升职”的随机感,每次晋升都对应一个更大项目、项目里会暴露沟通、预算、汇报、协调能力、成长不是空喊奋斗而是具体产出,高,只给女主头衔变化，不给具体工作抓手,rules,可挂候选,强,p2_w04_deep10.md,2026-07-18T15:44:42+08:00
p2_w04,杜拉拉升职记,白领现实感情线,信息差,省掉“职场线和情感线为什么能同框”的单独搭桥,办公室关系与私人生活互相渗透、恋爱会影响站队与判断、女性视角让微观情绪更可见,中高,把职场线全让位给恋爱线,reader_promises,不可挂,中,p2_w04_deep10.md,2026-07-18T15:44:42+08:00
p2_w04,我有一座冒险屋,鬼屋经营＝副本入口,地图,省掉“主角为什么总能遇到怪谈”的找事成本,主角天然有经营场所、每个场景都能升级成副本、来访者既是顾客也是触发器、经营和探险互相喂养,高,只借鬼屋皮，不写经营逻辑和场景更新,rules,可挂候选,强,p2_w04_deep10.md,2026-07-18T15:44:42+08:00
p2_w04,我有一座冒险屋,黑色手机任务系统,信息差,省掉“主角为什么知道该去哪、做什么”的调度成本,神秘设备给任务、任务与父母失踪线相连、每次任务都既探案又开图、现实与异度空间互相映射,高,把系统当签到器，不当剧情分配器,rules,可挂候选,强,p2_w04_deep10.md,2026-07-18T15:44:42+08:00
p2_w04,我有一座冒险屋,惊悚里包温情,读者承诺,省掉“为什么恐怖文能一直追下去”的疲劳问题,鬼不只是吓人、很多任务最后回到遗憾和执念、恐怖强度和人情回收一起涨,中高,只学吓人，不学情感回收,reader_promises,不可挂,中,p2_w04_deep10.md,2026-07-18T15:44:42+08:00
p2_w04,总裁在上我在下,资本型霸总私域权力场,势力,省掉“男主为什么能随时越界控制女主”的现实说明,男主掌握巨大资本与封闭空间、私人规则高于日常规则、女主被卷进其私域秩序、情感推进天然带控制与反控制,中,只写蛮横，不给他真正可支配的私域资源,state_facts,不可挂,中,p2_w04_deep10.md,2026-07-18T15:44:42+08:00
p2_w04,总裁在上我在下,孩子谜案式强绑入口,信息差,省掉“男女主为什么不得不被绑在一起”的搭桥成本,男主基于误会或秘密强行介入、双方掌握的信息不对等、真相被拖成长线、每次重逢都在重新解释旧事,高,只保留误会，不做可持续的秘密链,rules,可挂候选,中,p2_w04_deep10.md,2026-07-18T15:44:42+08:00
p2_w04,总裁在上我在下,漫画家女主与偏执科技总裁反差配对,人物关系母型,省掉“为什么两个人一碰就起火花”的人物解释,女主贫而有创作属性、男主强而不懂正常情感、两人认知风格相反、反差天然制造纠缠与驯化感,高,把女主写成纯受害者，反差只剩阶级差,entities,不可挂,中,p2_w04_deep10.md,2026-07-18T15:44:42+08:00
p2_w04,异常生物见闻录,房东型异常收容所,实体,省掉“为什么各种异种会长期共处”的合理化成本,主角不是英雄开局、他先是房东、房客是异常生物、日常同居天然让世界观碎片化进入、奇观先变成生活噪音,高,只写怪人合租，不接更大世界解释,rules,可挂候选,强,p2_w04_deep10.md,2026-07-18T15:44:42+08:00
p2_w04,异常生物见闻录,神明劳动合同／审查官工种,叙事装置,省掉“普通人为什么能合法介入跨文明事件”的入口成本,主角被制度性征召、从个人杂事被拉向文明审查、任务让家常戏和宇宙戏互相转场、超大设定通过差事逐步揭开,高,只给主角神秘任命，不设计长期职责,rules,可挂候选,强,p2_w04_deep10.md,2026-07-18T15:44:42+08:00
p2_w04,异常生物见闻录,吐槽日常包宏大史诗,读者承诺,省掉传统硬科幻的进入门槛,人物嘴贫、生活感强、却持续碰见文明毁灭级叙事、轻松表面下压着史诗核、读者可以先被逗留住再被设定带走,中高,只学吐槽，不学宏大结构回收,reader_promises,不可挂,强,p2_w04_deep10.md,2026-07-18T15:44:42+08:00
p2_w04,庶女攻略,明代高门礼法细则,禁忌,省掉“宅斗凭什么成立”的制度解释,嫡庶尊卑有效、家法和门第真会决定人生、婚姻是资源配置、女性行动空间受限但并非全无余地、细节礼俗能替剧情加压,高,只写算计，不写礼法环境,state_facts,不可挂,强,p2_w04_deep10.md,2026-07-18T15:44:42+08:00
p2_w04,庶女攻略,庶女—继室晋升路径,资源,省掉“低位女主如何进入主桌”的台阶成本,女主不是天降高位、她先在结构低位求生、通过处事能力、家务技艺、情绪稳定和规则意识一点点换位置、婚后仍要处理旧宅旧人旧关系,高,让女主只靠嘴炮和现代观念碾压所有人,rules,可挂候选,强,p2_w04_deep10.md,2026-07-18T15:44:42+08:00
p2_w04,庶女攻略,家务才艺也是权力,资源,省掉“女性成长为什么老写生活细节”的疑惑,刺绣、读书、持家、待人接物不是背景板而是资源、它们能换声望、换联盟、换安全区、成长不靠开天窗而靠日常累积,高,把生活流当流水账,rules,可挂候选,中,p2_w04_deep10.md,2026-07-18T15:44:42+08:00
p2_w04,小兵传奇,小兵到元帅的阶梯承诺,成长表,省掉“星际战争为什么读者能一直跟”的动力解释,主角野心明确、起点极低、成长路径简单明白、每升一阶就换更大兵权与视野、个人成长和战争规模同步变大,高,只学“从小兵开始”，却不给后续每一级的职责差异,reader_promises,不可挂,强,p2_w04_deep10.md,2026-07-18T15:44:42+08:00
p2_w04,小兵传奇,舰队／机甲／AI 联合战场,力量表,省掉“单纯星际战为什么不无聊”的说明,战斗不只靠个人、还有舰队、科技、AI 和组织配合、战场持续放大、战争本身能提供关卡感和奇观感,中高,只写机甲名词，不写组织与战术结构,rules,可挂候选,中,p2_w04_deep10.md,2026-07-18T15:44:42+08:00
p2_w04,小兵传奇,网络科幻的游戏化推进,叙事装置,省掉“大科幻设定会不会很难读”的进入门槛,情节依赖升级打怪式推进、一个阶段解决一个问题、战争像副本一样层层升级、早期网文读者因此更容易追,高,把科幻写成纯任务单，不做世界厚度,rules,可挂候选,强,p2_w04_deep10.md,2026-07-18T15:44:42+08:00
p2_w05,唐砖,盛世修补型穿越；,信息差,读者不用重新学一套陌生王朝，只要带着对“贞观—大唐盛世”的已有印象进场,一，主角靠现代认知进入唐代；二，目标不是推翻熟人历史，而是把“我心中的大唐”补得更完整；三，改写的快感来自“历史遗憾被重新处理”；四，基调偏昂扬，不走彻底覆写的黑历史线,高，可挪到汉、宋、明等强认知朝代,只借穿越加发明，不借“熟历史＋补遗憾”的情感方向,rules,可挂候选,强,p2_w05_deep10.md,2026-07-18T16:43:34+08:00
p2_w05,唐砖,点子兑现链；,资源,不用一上来讲大政体，先让读者通过“小发明、小改善、小便利”看见主角价值,一，现代知识是可兑现资源；二，兑现通常先落在衣食住行、器物、工艺这类近身问题；三，点子不是一次性神迹，而是连续兑现；四，小兑现会反哺人物关系和身份上升,高，适合种田、经营、轻基建,把点子写成 PPT 式罗列，没有人物反馈与社会阻力,rules,可挂候选,中,p2_w05_deep10.md,2026-07-18T16:43:34+08:00
p2_w05,唐砖,我的大唐滤镜；,读者预期,一句“这是我的大唐”就把作品从严肃史论切到情感化再造，读者很快知道自己看的是“可居住的盛世想象”,一，历史真实不是唯一目标；二，盛世想象要优先于考据炫技；三，人物与家国情感要包住技术与事件,中，适合强文化记忆题材,只有“热爱朝代”的抒情，没有可见的情节兑现,reader_promises,未知,强,p2_w05_deep10.md,2026-07-18T16:43:34+08:00
p2_w05,临高启明,虫洞组织化穿越；,规则,不需要解释“一个人会多少知识”，因为它直接用多人分工解决知识覆盖问题,一，穿越不是意外独狼，而是有准备的集体行动；二，前期大量“会议—筹备—选址”就是正文的一部分；三，跨专业协作先于个人英雄；四，落点不是奇遇，是可持续生存,高，适合群像基建、末世重建、殖民开拓,只学“很多角色”，不学“很多角色为什么能协同”,rules,可挂候选,强,p2_w05_deep10.md,2026-07-18T16:43:34+08:00
p2_w05,临高启明,委员会式工业分工；,势力,读者不用凭空理解工业化全流程，作品通过一次次“会议议题”把工业问题拆成能源、机械、化工、用工等模块,一，制度讨论就是剧情推进；二，资源配置要公开化、流程化；三，工业不是某个天才的灵光一闪，而是部门协同；四，组织治理和技术路线同等重要,很高，适合任何“建设型”题材,只写工艺细节，不写谁拍板、谁执行、谁承担后果,rules,可挂候选,强,p2_w05_deep10.md,2026-07-18T16:43:34+08:00
p2_w05,临高启明,新社会对旧社会的长期改造场；,地缘状态,不必再搭一个虚构帝国，明末海南本身就提供旧制度、旧劳力关系、旧贸易网络,一，地点服务于改造实验；二，旧秩序不是背景板，而是被持续碰撞的对象；三，奴仆、海商、军政都是真正的制度摩擦点,中高，适合有现实历史依托的制度实验文,把旧社会写成纯 NPC，导致改造像在空地上搭积木,state_facts,不可挂,强,p2_w05_deep10.md,2026-07-18T16:43:34+08:00
p2_w05,修真聊天群,群聊即修真入口；,信息差,不用先讲浩大仙门史，读者先看一个普通人误入社交场合，慢慢发现群聊说的都是真的,一，主角先把群当成中二病交流群；二，群成员以道友、真人、洞主等名号互称；三，线上信息会线下验证；四，修真世界通过社交误差渗进现实,极高，可迁到仙侠、诸天、怪谈、都市异能,把群聊写成单纯截图吐槽，没有线下兑现,rules,可挂候选,强,p2_w05_deep10.md,2026-07-18T16:43:34+08:00
p2_w05,修真聊天群,都市日常与修真并屏；,地缘状态,读者不用切换到纯异世界，大学生活与修真事故同时发生，进入门槛很低,一，主角身份先是普通大学生；二，现实城市仍是主舞台之一；三，离奇设定要通过日常语境落地；四，笑点常来自“现代生活容器装高维设定”,高,只借段子，不保留“普通生活被超常规则侵入”的对照,state_facts,不可挂,强,p2_w05_deep10.md,2026-07-18T16:43:34+08:00
p2_w05,修真聊天群,群身份秩序；,势力,人物多也不乱，因为群名片、道号、前辈晚辈关系先把社交秩序搭好,一，昵称本身携带身份信息；二，前辈后辈不是空称呼，会影响资源与风险；三，社群内部有默认礼节；四，社交误会能直接触发剧情,高，适合群像轻喜文,角色一多就靠外号堆砌，但没有稳定互动秩序,rules,可挂候选,中,p2_w05_deep10.md,2026-07-18T16:43:34+08:00
p2_w05,后宫·甄嬛传,位分阶梯；,力量表,读者不用一点点猜后宫权力大小，位分本身就是清晰的阶梯图,一，小说公开制度写到“分八品十六等”；二，内庭主位可掌一宫，非主位只能居院落；三，位分决定称谓、居所、资源与行动空间；四，升降位不是面子问题，是生存问题,极高，可挪到宗门、门阀、公司、学院,只借头衔，不让头衔改变资源配置,rules,可挂候选,强,p2_w05_deep10.md,2026-07-18T16:43:34+08:00
p2_w05,后宫·甄嬛传,封号与出身绑定；,资源,人物一出场，出身、封号、是否有主殿，立刻就知道她在牌局里的起手牌,一，封号不是装饰，是政治标签；二，出身决定早期站位；三，宠爱、生育、阵营会改变位分流向；四，低位者晋升需要额外事件支点,高,把宫斗写成纯嘴炮，不让制度卡位起作用,rules,可挂候选,强,p2_w05_deep10.md,2026-07-18T16:43:34+08:00
p2_w05,后宫·甄嬛传,后宫是阵营战场；,势力状态,读者不用看很久才知道谁和谁一党，因为入宫、居所、恩宠、上位线天然会把人分成阵营,一，后宫不是单点对决，而是联盟和反联盟；二，爱情叙事只是权力分配的表面；三，阵营晋升和个人晋升交叠,高,只写单个反派陷害，不写阵营结构,state_facts,不可挂,强,p2_w05_deep10.md,2026-07-18T16:43:34+08:00
p2_w05,大唐双龙传,长生诀入场券；,资源,不用慢慢搭修炼体系，直接拿“道家宝典失落—两小混混误得”的设定，让底层人物有资格进天下局,一，乱世大局里放一个稀缺宝典；二，宝典既是武力钥匙，也是叙事通行证；三，底层角色因为奇遇跨入高手视野,高，适合双主角、群雄逐鹿文,只给神功，不给它改变社交层级和政治地位的能力,rules,可挂候选,强,p2_w05_deep10.md,2026-07-18T16:43:34+08:00
p2_w05,大唐双龙传,双男主分轨；,人物状态,天下争龙和江湖超脱，分给两个人承载，作者不用把矛盾全塞给一个主角,一，两人从同一底层起步；二，进入大局后路线逐渐分化；三，一人更贴近争霸，一人更贴近超然；四，双线互相校正作品气质,很高，适合“大局＋心性”双轴题材,只是两个主角轮流上场，没有真正的价值分工,state_facts,不可挂,中,p2_w05_deep10.md,2026-07-18T16:43:34+08:00
p2_w05,大唐双龙传,江湖与天下同盘；,地图状态,读者不用分两本书看，一本里就能同时得到高手争锋和王朝更替,一，乱世政治和武林生态同步推进；二，人物既争招式，也争地盘、名分和未来秩序；三，感情线、师门线、争霸线可以同盘运作,高,把朝局当背景板，或者把江湖当纯打架副本,state_facts,不可挂,强,p2_w05_deep10.md,2026-07-18T16:43:34+08:00
p2_w05,第一序列,壁垒／荒野二元壳；,地图,不必搭复杂国家图，只要先懂“墙内秩序残存、墙外生存恶劣”这一对立，就能读懂很多冲突,一，壁垒是文明残存的容器；二，荒野代表资源风险与秩序真空；三，墙与科学一起构成旧文明余晖；四，人物地位和安全感强烈受空间位置影响,很高，适合废土、末世、庇护所题材,只有“墙”这个名词，没有空间带来的秩序差异,rules,可挂候选,强,p2_w05_deep10.md,2026-07-18T16:43:34+08:00
p2_w05,第一序列,小人物生存阶梯；,资源,读者不必先理解全部大势力，先跟着底层角色从药、枪、粮、情报这些近身资源往上爬,一，早期目标先是活下去；二，近身资源决定角色能否进入更大局；三，上升不是简单练级，而是逐渐进入组织网络,高,开局就给主角宏大使命，反而失去底层废土感,rules,可挂候选,中,p2_w05_deep10.md,2026-07-18T16:43:34+08:00
p2_w05,第一序列,组织势力接管命运；,势力状态,主角不是一直独狼，读者会逐步认识壁垒、学堂、商号、武装、组织之间的层层吞并与吸纳,一，废土的真正放大器不是个人能力，而是组织归属；二，人物命运会被更大的势力吸进去；三，组织竞争是中后段的主要驱动,高,把组织全写成副本 boss，没有制度和文化差异,state_facts,不可挂,中,p2_w05_deep10.md,2026-07-18T16:43:34+08:00
p2_w05,圣墟,世界枷锁解封；,规则,不用先解释完整修仙文明，只要先懂“旧世界本来被锁住，现在锁开了”,一，异变不是少数人秘密修炼，而是世界级环境变化；二，雾、异果、异兽、神山一起冒头；三，旧常识不断失效；四，升级逻辑偏“进化”而非纯门派修行,极高,把灵气复苏写成都市异能小打小闹，没有世界尺度变化,rules,可挂候选,强,p2_w05_deep10.md,2026-07-18T16:43:34+08:00
p2_w05,圣墟,地球到异宇宙阶梯地图；,地图,读者能接受不断扩图，因为一开始就承诺“世界只揭开了一角”,一，起点仍是现代地球；二，神山、禁地、异域逐层揭开；三，后续可以自然扩到更大宇宙和更高位面,高,前期地图太小，后期强行上宇宙，缺少阶梯感,state_facts,不可挂,强,p2_w05_deep10.md,2026-07-18T16:43:34+08:00
p2_w05,圣墟,呼吸法／异果进化包；,资源,不必先懂整套修炼谱系，读者可以先抓住“特殊呼吸法、奇物、异果”这些直观资源,一，早期力量提升依赖可感知资源；二，资源发现和地图探索捆在一起；三，进化收益会立刻改变生存层级,高,只写数值提升，不写资源与生态如何搅动世界,rules,可挂候选,强,p2_w05_deep10.md,2026-07-18T16:43:34+08:00
p2_w05,学霸的黑科技系统,任务驱动学术阶梯；,规则,读者不用自己理解真实学术路线，系统把“学习—论文—获奖—攻难题”拆成任务,一，系统不给直接财富，而给学习与科研任务；二，任务完成给经验、积分、抽奖；三，成长先走学术成果，再外溢成产业与国家级项目,很高,只有“发明成果”，没有前面那条枯燥但必要的任务链,rules,可挂候选,强,p2_w05_deep10.md,2026-07-18T16:43:34+08:00
p2_w05,学霸的黑科技系统,学科树上限；,力量表,把真实跨学科难度粗暴但有效地可视化，让读者知道为什么主角不能乱跳科技树,一，数学会卡住其他学科上限；二，学科升级有先后关系；三，跨界不是一句“我都会”，而是前置能力达标,高,科技随便点亮，没有前置约束,rules,可挂候选,中,p2_w05_deep10.md,2026-07-18T16:43:34+08:00
p2_w05,学霸的黑科技系统,兑换受能力约束；,资源,未来科技不再是随叫随到，而要和主角当前能力匹配,一，积分能换图纸，但不是想换就能落地；二，宿主等级限制可兑现科技；三，科研过程仍然要写，不是直接凭空造物,高,系统直接把成品扔给主角，导致科研戏消失,rules,可挂候选,中,p2_w05_deep10.md,2026-07-18T16:43:34+08:00
p2_w05,冠军教父,主教练视角；,地缘状态,不用跟着一个球员单线升级，而是站在教练席同时看球队、主席、媒体、球员与比赛,一，主角身份不是踢球的，是带队的；二，比赛只是结果，更衣室和管理层同样重要；三，教练的话语权随胜负起伏,高，适合任何“带团队”题材,以为换个称谓就是教练流，结果剧情还是球员流,state_facts,不可挂,强,p2_w05_deep10.md,2026-07-18T16:43:34+08:00
p2_w05,冠军教父,俱乐部压力场；,势力,职业足球内部冲突不用自己造，主席、听证会、训练课、裁判、客场这些词一出来，系统就搭好了,一，俱乐部是组织，不是单纯球队；二，比赛成绩会反咬管理权；三，媒体与裁判也进入叙事系统；四，球队文化能被教练持续重塑,高,只播报比赛，不写俱乐部生态,rules,可挂候选,强,p2_w05_deep10.md,2026-07-18T16:43:34+08:00
p2_w05,冠军教父,弱旅改造承诺；,读者预期,一句“冠军教父”就把作品的最大回报说白了：看一个不讨喜但有能力的人，把队伍从烂局带到冠军级,一，主角不一定讨喜，但必须有效；二，球队要有明显前后对比；三，改造过程要覆盖战术、士气、人员与文化,高,只看最后夺冠，不写中间“把队伍变一支队伍”的过程,reader_promises,未知,强,p2_w05_deep10.md,2026-07-18T16:43:34+08:00
p2_w05,文化入侵异世界,文化胜利框架；,规则,不用解释复杂战争学，读者直接知道主角要靠内容与平台改世界，而不是靠兵力,一，主角明确拒绝武力征服路径；二，电影、游戏、小说、漫画是主要武器；三，影响顺序是先娱乐、后观感、再关系格局,极高,只写抄作品名，不写“内容进入人群之后如何改关系”,rules,可挂候选,强,p2_w05_deep10.md,2026-07-18T16:43:34+08:00
p2_w05,文化入侵异世界,魔网型文化基础设施；,资源,不是每次都靠单个爆款，作品把“渠道”也做成正文，所以传播能持续,一，魔网、酒馆、剧院、商店都是分发渠道；二，内容和平台要一起长；三，用户行为会反过来塑造新产业,很高，适合平台经营文、文娱创业文,只有作品发布，没有渠道建设和用户反馈,rules,可挂候选,强,p2_w05_deep10.md,2026-07-18T16:43:34+08:00
p2_w05,文化入侵异世界,以娱乐缓和种族敌意；,读者预期,一句“改变人类对魔族的刻板印象”就把作品从抄文娱，抬到软实力改秩序,一，文娱不是点缀，是政治前置；二，受众先被打动，再被重新定义敌我；三，世界和平不是说教，而是内容消费的副产物,高,把“文化入侵”写成主角个人装杯，忽略群体观念变化,reader_promises,未知,强,p2_w05_deep10.md,2026-07-18T16:43:34+08:00
p2_w06,圈子圈套,外企大单攻防,规则＋叙事单元,把复杂 B2B 销售压成“关键项目争夺战”就能让读者立刻明白 stakes,项目比职位更能决定命运；信息先手很值钱；竞争者常来自熟人圈；一个大单会同时拖着升职、站队、情感线走；输一次不只是丢业绩，还是组织位置下滑,高,只借“话术对打”，不写组织内斗和客户侧权力结构,narrative_units,可挂候选,强,p2_w06_deep10.md,2026-07-19T05:21:16+08:00
p2_w06,圈子圈套,圈子就是地图,实体关系,不用重新解释复杂行业生态，直接用“谁认识谁、谁欠谁人情、谁能递消息”来代替知识门槛,圈子深不见底；朋友会变对手；外企高层和代理、客户、爱人这几条线会互相污染；消息来源比正式流程更快,高,把“圈子”写成纯人脉外挂，不写圈子的排斥性与反噬,entities,可挂候选,强,p2_w06_deep10.md,2026-07-19T05:21:16+08:00
p2_w06,圈子圈套,扶正前夜掉坑,状态事实,开场就给主角一个“差一步上位”的位置，读者自动能懂为什么后面每一步都疼,代理首席代表不等于真稳；组织升迁高度依赖政治安全；情场和职场会同时塌；想翻身必须先回到项目桌上,中高,只抄“跌落谷底”，没有“本来就快扶正”的反差,state_facts,可挂候选,强,p2_w06_deep10.md,2026-07-19T05:21:16+08:00
p2_w06,输赢,银行超级订单,叙事单元,把抽象的销售 KPI，直接压成一个超级明确的 Boss 项目,季度指标会逼迫主角迅速下注；大单不是纯招标，而是长期布局；强敌往往比你更早一年起盘；赢单同时也是保命,高,把投标写成开会＋ PPT，没写前期布局和内线经营,narrative_units,可挂候选,强,p2_w06_deep10.md,2026-07-19T05:21:16+08:00
p2_w06,输赢,销售漏斗／摧龙法,规则,把销售过程变成可分段、可管理、可训练的标准流程，读者不用懂企业 CRM 也能看懂,线索到成交是逐层筛选；销售要靠表单和工具管过程；方法不只给一线，也给主管；后续作品明确把“销售漏斗”写成一整套落地中国应用方案,很高,抄概念名词，不写“谁在什么时候用这个工具”,rules,可挂候选,强,p2_w06_deep10.md,2026-07-19T05:21:16+08:00
p2_w06,输赢,王牌销售对台,实体关系,只要给读者一对南北王牌销售、再加一场旧情重逢，人物关系马上立起来,竞争对手最好也是懂方法的人；团队被拆走会直接削弱战力；旧情不是糖，是压力放大器；对手越专业，方法论越有戏,中高,只写情感拉扯，不写专业能力匹配,entities,可挂候选,强,p2_w06_deep10.md,2026-07-19T05:21:16+08:00
p2_w06,浮沉,前台转销售,叙事单元,不用重新造一个高门槛职业起点，直接从最低可见岗位跳销售，读者很快就能感受到门槛与风险,前台／秘书位置天然带观察窗；转岗意味着经验短板；销售新人会被办公室政治先教育一轮；第一单必须够大，才压得住成长速度,高,只借“底层逆袭”，不借“岗位视角优势”,narrative_units,可挂候选,强,p2_w06_deep10.md,2026-07-19T05:21:16+08:00
p2_w06,浮沉,七亿大单串三方,规则,把外企、国企、地方权力三边关系，一口气绑到一单上，读者不必先学产业史,大单会把组织利益暴露出来；客户不是单一面孔；外企打法撞上国企改制，会出现规则灰区；商战表面是生意，底面是体制摩擦,很高,只写一个公司内部宫斗，少了外部系统的钳制,rules,可挂候选,强,p2_w06_deep10.md,2026-07-19T05:21:16+08:00
p2_w06,浮沉,改制灰度带,状态事实,读者不需要很懂国企改革，也能先抓住“旧秩序没退、市场逻辑已进来”的感觉,国企、私企、外企不是三种皮肤，而是三套行动逻辑；官商勾连会改变公开流程；女性新人容易先被当棋子再被迫成长,中高,把“灰度”写成纯贪腐奇观，丢掉制度摩擦感,state_facts,可挂候选,中强,p2_w06_deep10.md,2026-07-19T05:21:16+08:00
p2_w06,官居一品,科举阶梯,规则,科举本身就是天然关卡，不需要再造升级系统,县试、府试、院试、乡试、会试、殿试层层递进；功名既是身份，也是入场券；考试不只是作文，更是社会筛选；每一次上岸都会改写人际结构,极高,只把科举当成“考试爽点”，不写它如何重写社会位置,rules,可挂候选,强,p2_w06_deep10.md,2026-07-19T05:21:16+08:00
p2_w06,官居一品,门生座主网络,实体关系,比起空讲朝堂势力，直接用师生、座主、同年、乡党这些关系就能让派系一眼可见,考官学术倾向会影响舆论与仕途；文场不是纯公平赛场；门生网络会转化为官场资源；考试后的关系比考试本身更长尾,高,只抄“派系”，不抄形成机制,entities,可挂候选,强,p2_w06_deep10.md,2026-07-19T05:21:16+08:00
p2_w06,官居一品,制度工具箱,规则,主角不靠神仙外挂，靠制度缝隙、地方治理和明史知识推进，就很容易让“技术流”成立,先在家族和地方层面解决生存问题；再把小技术变成治事能力；制度不是背景板，而是剧情发动机；越往上走，越不能只靠个人聪明,很高,只写“我懂历史”，不写制度如何限制主角,rules,可挂候选,强,p2_w06_deep10.md,2026-07-19T05:21:16+08:00
p2_w06,我的末世基地车,扫描改装载具,规则,不必从零解释工业制造，直接给一个“扫描即改装”的黑科技中介，设定门槛立刻降下来,基础载具能升级为战斗／居住／后勤复合体；升级围绕车辆展开；黑科技替代传统基地建设前摇；车越强，生存半径越大,很高,只借“房车好爽”，不写功能层递进,rules,可挂候选,强,p2_w06_deep10.md,2026-07-19T05:21:16+08:00
p2_w06,我的末世基地车,车就是领地,状态事实,固定城堡、据点、营地都可以先省掉，读者马上接受“移动中的安全屋”,安全感先围绕车身封闭空间产生；移动比占地更重要；载具内部秩序就是最小共同体；遇险时撤离比守点更常见,高,车只是交通工具，没有共同体功能,state_facts,可挂候选,强,p2_w06_deep10.md,2026-07-19T05:21:16+08:00
p2_w06,我的末世基地车,升级会自然带队伍扩编,payoffs,读者不用追问为什么会有后续规模化，因为车越强就越会吸附资源、人手和任务,早期生存靠单车；中后期会走向车队／基地感；改装结果既是战力，也是一种身份展示；队伍增长不是另开系统，是车体升级的自然结果,高,升级只让主角更猛，不让共同体变厚,payoffs,可挂候选,中强,p2_w06_deep10.md,2026-07-19T05:21:16+08:00
p2_w06,黑暗血时代,失日黑夜常态,状态事实,不用再造复杂灾难学，直接拿走太阳，读者立刻知道食物、取暖、视野、秩序都会塌,无阳光、无星空；寒冷与黑夜不是氛围，是生存条件；人类进入黑暗与血的时代；文明退化先从基础感知和能源开始,很高,只写“黑”，不写黑暗如何改变一切日常规则,state_facts,可挂候选,强,p2_w06_deep10.md,2026-07-19T05:21:16+08:00
p2_w06,黑暗血时代,古书—境界—战甲—剑式,规则,它把特别硬的生存世界和一个逐步暴露的个人生存技体系绑到一起，读者能一边恐慌一边学规则,前几章就出现“二元天的境界”“战甲”“杀虫三剑式”等层级词；力量系统先服从生存，再逐步扩展；技能名本身承担记忆钩子；战斗体系从杂乱恐慌里慢慢长出来,中高,一上来就把体系讲透，失去黑暗探索感,rules,可挂候选,中强,p2_w06_deep10.md,2026-07-19T05:21:16+08:00
p2_w06,黑暗血时代,怪物潮递强,叙事单元,章节标题本身就在做节奏台阶，读者不用等待大设定解说，也知道危险在升级,恐慌先于真相；怪物先以压迫感出现；活下去本身就是阶段目标；大世界会慢慢从局部求生里打开,高,危险很多，但没有明确递强台阶,narrative_units,可挂候选,强,p2_w06_deep10.md,2026-07-19T05:21:16+08:00
p2_w06,全球进化,红雾遮蔽,状态事实,一个高概念环境变量，就能一口气解释视野、交通、通信、恐慌和猎杀环境为什么同时崩,红雾让能见度大幅下降；信号隔断；城市秩序瞬间失灵；求生从“看不见”开始,很高,只把红雾当氛围，不把它写成行动限制,state_facts,可挂候选,强,p2_w06_deep10.md,2026-07-19T05:21:16+08:00
p2_w06,全球进化,食物链翻转,规则,读者很快接受“人类不再是顶端”，不用慢慢解释末世为什么危险,越简单的生物进化越快；动植物比人类更早更猛；生态位重排比丧尸设定更底层；人类变弱不是单个怪物强，而是整个生态系统变了,极高,只借“怪物变强”，不借“整套生态翻盘”,rules,可挂候选,中强,p2_w06_deep10.md,2026-07-19T05:21:16+08:00
p2_w06,全球进化,寒武纪解释框架,reader_promises,它给读者一个“这不是瞎编，有一层科学味”的阅读承诺,末世不是纯玄学降临；作者试图从生物进化角度解释变化；真相感来自解释欲，而不是硬知识密度；越往后越会追问底层规则,高,只写伪科名词，不给稳定解释方向,reader_promises,可挂候选,中强,p2_w06_deep10.md,2026-07-19T05:21:16+08:00
p2_w06,废土生存守则,游戏现实绑定生死账,规则,不用再解释为什么大家要认真打游戏，因为游戏失败会切断现实物资供应,每人只有三次复活；复活耗尽会被主控系统断掉食物、水、氧气；游戏不是娱乐，是筛人机器；虚拟失败带真实后果,极高,只借“沉浸式游戏”，不借现实反噬,rules,可挂候选,强,p2_w06_deep10.md,2026-07-19T05:21:16+08:00
p2_w06,废土生存守则,避难所主控系统,实体关系,把地下社会的治理权集中到一个看得见的“主控系统”，立刻就能解释秩序来源,避难所不是自然共同体，是被技术系统管理的共同体；资源分配有自动裁决者；训练目标是回到地表；人和系统不是平等关系,高,把主控系统写成便利工具，不写它的冷酷统治,entities,可挂候选,强,p2_w06_deep10.md,2026-07-19T05:21:16+08:00
p2_w06,废土生存守则,先训练后开荒,narrative_units,读者不用立刻进入大规模废土社会，先在模拟环境里学规矩，再上地面,地表不可直接回归；游戏是预演；装备、认知、心理承压都先在模拟层完成；上地表时读者已经懂规则,很高,训练阶段太长、和真实废土脱节,narrative_units,可挂候选,强,p2_w06_deep10.md,2026-07-19T05:21:16+08:00
p2_w06,间客,半废弃星球出身,状态事实,主角天然就是局外人，读者跟着他一起看世界，不会被设定淹死,出身边缘地带；有怪知识但不懂中心秩序；离开废星就是进入更高规则场；边缘视角容易制造现实感,很高,只写“穷地方出身”，不写认知错位,state_facts,可挂候选,强,p2_w06_deep10.md,2026-07-19T05:21:16+08:00
p2_w06,间客,小人物被大局卷入,narrative_units,不用开局就端巨大阴谋，先写具体事件，再逐步把联邦大局钉出来,不是大圆圈阴谋起手；而是一件件事把主角推上去；后面再有阴谋落下来“钉住”；现实感来自事情连着事情,极高,一开始就抖完世界阴谋，失去“被卷入”的劲,narrative_units,可挂候选,强,p2_w06_deep10.md,2026-07-19T05:21:16+08:00
p2_w06,间客,体制写实感,rules,不用塞大量科技说明，只要把组织争夺、研究成果被抢、道德判断这些写实冲突写实，世界就像真的,世界像真的比世界讲透更重要；人物反应要能被预料；体制冲突来自人和组织，而不只是机甲／战争；科幻壳里可以放武侠骨,很高,只抄“星际体制”，不抄现实感生产方式,rules,可挂候选,中强,p2_w06_deep10.md,2026-07-19T05:21:16+08:00
p2_w06,希灵帝国,伪宅元首＋蹭饭兵团,reader_promises,宇宙级设定很容易吓人，但它先给一个废宅元首和一群来地球蹭饭的狠角色，读者一下就进得去,主角不是传统帝皇模板；宇宙帝国先以家庭／日常形式落地；强角色先以“好笑”出场；大设定先靠关系感托住,很高,只借吐槽，不借“先日常后宏大”的进入方式,reader_promises,可挂候选,强,p2_w06_deep10.md,2026-07-19T05:21:16+08:00
p2_w06,希灵帝国,虚空—宇宙群—幽能—深渊,rules,它给宇宙级权力和灾难都配了统一解释轴，读者不用面对一堆散设定,宇宙群从虚空中诞生；幽能是主要能量；深渊与秩序对位；设定骨架是信息论／宇宙群思路,中高,只抄名词，不抄层级关系,rules,可挂候选,弱到中,p2_w06_deep10.md,2026-07-19T05:21:16+08:00
p2_w06,希灵帝国,吐槽日常承载救世任务,payoffs,读者不用时时绷着，先被日常和吐槽喂进去，后面再把宇宙级任务吃下去,轻松口吻不等于设定轻；前期日常是缓冲带；后期宏大感会反冲前期角色关系；吐槽本身是辨识度，不只是插科打诨,高,把吐槽当填充，导致主线塌,payoffs,可挂候选,强,p2_w06_deep10.md,2026-07-19T05:21:16+08:00
