source_report,track,list_section,title,author,one_liner,platform,a_heat,b_prototype,skeleton_fingerprint,evidence,ingested_at
p1_batch01_hotlist.md,ST-002,candidate,飘渺之旅,萧潜,后人最常借的是“修真有层级、法宝有谱系、宗门有地图、飞升有远景”的整套修真说明书。,其他／早期网络连载,高,高,修真层级＋法宝宗门＋飞升路,中国作家网把它列为绕不开的网络仙侠起点；长期被并称“网文三大奇书”。,2026-07-18T13:17:54+08:00
p1_batch01_hotlist.md,ST-002,candidate,诛仙,萧鼎,常被借的是“古典仙侠门派格局＋情劫主轴＋正邪对照”，不是纯升级表，而是“仙侠像武侠一样讲情”。,幻剑书盟／起点候选,高,高,门派仙侠＋情劫主轴,中国作家网把它与《飘渺之旅》并列为网络仙侠关键起点；起点修订版书页。,2026-07-18T13:17:54+08:00
p1_batch01_hotlist.md,ST-002,candidate,佛本是道,梦入神机,最常被借的是“封神神话重排＋洪荒圣人谱系＋先天灵宝/气运位格”的洪荒世界观骨架。,起点／其他候选,高,高,洪荒圣人谱系＋封神重排,起点书页；社区/问答长期把它点为洪荒流开山作。,2026-07-18T13:17:54+08:00
p1_batch01_hotlist.md,ST-002,candidate,凡人修仙传,忘语,后人最爱借的是“资质平平也能修仙”的凡人流生存逻辑、资源焦虑和谨慎升级路线。,起点,高,高,凡人流＋资源焦虑修仙,中国作家网明确称其开创“凡人流”；起点官方书页。,2026-07-18T13:17:54+08:00
p1_batch01_hotlist.md,ST-002,candidate,无限恐怖,zhttty,常被借的是“主神空间＋电影副本轮转＋队伍养成＋奖励兑换”的无限流底盘。,起点,高,高,主神空间＋电影副本链,中国作家网把它定为无限流开山作；起点官方书页。,2026-07-18T13:17:54+08:00
p1_batch01_hotlist.md,ST-002,candidate,王牌进化,卷土,它被拿来当模板借的不是“无限”本身，而是“数据化副本、数值化强化、可计算成长”的数据无限流。,起点,中,高,数据无限流＋数值强化,中国作家网明确把它列为数据无限流代表；起点书页。,2026-07-18T13:17:54+08:00
p1_batch01_hotlist.md,ST-002,candidate,斗破苍穹,天蚕土豆,后人反复借的是“退婚羞辱开局＋废柴逆袭＋清晰等级表＋换地图打怪”的爽文发动机。,起点,高,高,退婚废柴＋等级表＋换地图,中国作家网明确说它把退婚/废柴模板推到流行中心；起点官方书页。,2026-07-18T13:17:54+08:00
p1_batch01_hotlist.md,ST-002,candidate,斗罗大陆,唐家三少,最常被借的是“武魂—魂环—学院赛—魂兽—宗门帝国”的整套可视化升级与势力关系。,起点,高,高,武魂体系＋学院赛道,中国作家网把它写成“武魂模式”的典型；起点官方书页。,2026-07-18T13:17:54+08:00
p1_batch01_hotlist.md,ST-002,candidate,龙蛇演义,梦入神机,后来者最常借的是“现代都市里讲国术真打＋境界断代＋拳脚对枪炮”的国术流骨架。,起点,高,高,国术真打＋现代火器对撞,百度百科/中国作家网系材料与知乎盘点都把它指为国术流开山作。,2026-07-18T13:17:54+08:00
p1_batch01_hotlist.md,ST-002,candidate,盘龙,我吃西红柿,常被借的是“线性升级＋位面飞升＋法则领悟＋主神体系”的中式西幻升级框。,起点,高,高,位面升级＋法则主神路,中国作家网把它当“升级流”范本来评；另有评论点明其多位面和元素法则世界。,2026-07-18T13:17:54+08:00
p1_batch01_hotlist.md,ST-002,candidate,全职高手,蝴蝶蓝,最常被借的是“职业赛场＋退役/驱逐开局＋网吧重开号＋战队重建”的电竞职业流。,起点,高,高,职业电竞＋小号重开号,中国作家网明确说2011年后“电竞文”概念流行起来；起点官方书页。,2026-07-18T13:17:54+08:00
p1_batch01_hotlist.md,ST-002,candidate,放开那个女巫,二目,后人最常借的是“西幻领主地盘＋现代工业常识＋女巫能力模块化分工”的基建种田结构。,起点,高,高,西幻领地＋工业化种田,中国作家网直接称其为西幻种田流破局者；起点与同人检索能看到后续衍生。,2026-07-18T13:17:54+08:00
p1_batch01_hotlist.md,ST-002,candidate,诡秘之主,爱潜水的乌贼,后人最常借的是“序列途径＋魔药扮演法＋组织博弈＋蒸汽克系氛围”的低解释成本超凡框架。,起点,高,高,序列途径＋扮演法＋塔罗会,评论明确点它开出22条神之序列；起点/书单可见大量同人、if线与同序列再创作。,2026-07-18T13:17:54+08:00
p1_batch01_hotlist.md,ST-002,candidate,修真聊天群,圣骑士的传说,它被反复借的核心是“现代日常＋聊天群载体＋修真设定轻量化”这套超低进入门槛。,起点,高,高,聊天群修仙＋日常爆梗,起点书页；站内同人检索能直接看到“霸宋宇宙”续写感。,2026-07-18T13:17:54+08:00
p1_batch01_hotlist.md,ST-002,candidate,我师兄实在太稳健了,言归正传,最常被借的是“洪荒背景下反常规求稳、预案流、算计流”的稳健流修仙。,起点,高,高,稳健流＋洪荒预案体系,中国作家网把它当“修仙套路变体”新范式；起点同人检索能看到直接模仿“师兄稳健”。,2026-07-18T13:17:54+08:00
p1_batch01_hotlist.md,ST-002,candidate,梦回大清,金子,后人最常借的是“清穿开局即历史人物关系网、女主代入皇子夺嫡”的低解释成本。,晋江,高,高,清穿先行作＋夺嫡代入,中国作家网明确说它让清穿古言一炮而红；晋江原书页。,2026-07-18T13:17:54+08:00
p1_batch01_hotlist.md,ST-002,candidate,步步惊心,桐华,常被借的是“熟史读者视角进入九龙夺嫡、感情线裹住历史必然性”的清穿叙事。,晋江／出版,高,高,熟史清穿＋夺嫡情感线,中国作家网称其为“清穿扛鼎之作”；维基和晋江系材料可核对作者与连载背景。,2026-07-18T13:17:54+08:00
p1_batch01_hotlist.md,ST-002,candidate,后宫·甄嬛传,流潋紫,后人最常借的是“等级森严后宫位分表＋晋升/失宠节奏＋阵营宫斗”。,晋江／出版,高,高,宫斗位分表＋阵营晋升,中国作家网把它称作宫斗经典；公开资料可核对其最初在晋江连载。,2026-07-18T13:17:54+08:00
p1_batch01_hotlist.md,ST-002,candidate,庶女攻略,吱吱,常被借的是“庶女身份天生受限＋深宅家族关系网＋婚嫁/生存/宅斗并行”的古言骨架。,起点女生,高,高,庶女宅斗＋婚嫁生存线,起点书页；文汇评论明确说它带起一阵“庶女”宅斗风潮。,2026-07-18T13:17:54+08:00
p1_batch01_hotlist.md,ST-002,candidate,知否？知否？应是绿肥红瘦,关心则乱,后人常借的是“宅斗里混入种田/日常/婚后经营”，把古言从单纯斗争改成长期经营。,晋江,高,高,宅斗种田＋婚后经营,中国作家网把它点为典型“宅斗＋种田文”；晋江原书页。,2026-07-18T13:17:54+08:00
p1_batch01_hotlist.md,ST-002,candidate,花千骨,Fresh果果,最常被借的是“师徒虐恋＋世界浩劫捆绑恋爱”的女频仙侠世界系。,晋江,高,高,师徒虐恋＋苍生浩劫绑定,中国作家网直接把它当师徒虐恋代表；晋江原书页与同人检索都很强。,2026-07-18T13:17:54+08:00
p1_batch01_hotlist.md,ST-002,candidate,人渣反派自救系统,墨香铜臭,后人最常借的是“穿进原书当反派/炮灰自救＋系统吐槽视角”，尤其适合做穿书解释成本。,晋江,高,高,穿书反派自救＋系统吐槽,晋江原书页；站内同人/续写极多。,2026-07-18T13:17:54+08:00
p1_batch01_hotlist.md,ST-002,candidate,全球高考,木苏里,后人最常借的是“考试即副本、规则每月改、双强智斗”的纯爱无限流模板。,晋江,高,高,考试副本＋双强智斗,晋江原书页；站内同人直接可见。,2026-07-18T13:17:54+08:00
p1_batch01_hotlist.md,ST-002,candidate,死亡万花筒,西子绪,常被借的是“门世界＋过门规则＋一章一个恐怖母题”的纯爱规则门流。,晋江,高,高,门世界＋过门规则,晋江原书页；中国作家网把2018年后这类作品视作无限流变体的关键节点。,2026-07-18T13:17:54+08:00
p1_batch01_hotlist.md,ST-002,candidate,黑莲花攻略手册,白羽摘雕弓,后人最常借的是“穿书任务系统＋病娇黑莲花男主＋救赎反攻略”的女频标准件。,晋江,高,高,穿书任务＋病娇黑莲花,晋江原书页；站内同人/改编与海外传播都很强。,2026-07-18T13:17:54+08:00
p1_batch01_hotlist.md,ST-002,candidate,我有一座冒险屋,我会修空调,常被借的是“鬼屋经营＋手机任务链＋单元怪谈副本”的悬疑经营流。,起点,高,高,鬼屋经营＋手机任务副本,起点书页；同人检索与跨书联动词条都很明显。,2026-07-18T13:17:54+08:00
p1_batch01_hotlist.md,ST-002,candidate,神秘复苏,佛前献花,后人最常借的是“厉鬼有杀人规律＋驾驭厉鬼要付代价＋总部/民国旧事大谜团”。,起点,高,高,鬼规律＋驾驭代价＋总部线,起点书页；站内同人和评论把它视作近年规则灵异硬骨架。,2026-07-18T13:17:54+08:00
p1_batch01_hotlist.md,ST-002,candidate,大王饶命,会说话的肘子,最常被借的是“负面情绪值系统”这台爽点发动机，而不是普通签到/升级。,起点,高,高,负面情绪值系统,起点书页；评论直接把它说成颠覆传统系统文奖励机制。,2026-07-18T13:17:54+08:00
p1_batch01_hotlist.md,ST-002,candidate,鬼吹灯,天下霸唱,后人最常借的是“民俗志怪盗墓＋规则禁忌＋队伍探穴”的盗墓流底板。,其他,高,高,民俗盗墓＋禁忌规则队,学术论文明确说它引出“盜墓文学”与同类作品潮；媒体长期称其盗墓流鼻祖。,2026-07-18T13:17:54+08:00
p1_batch01_hotlist.md,ST-002,candidate,小兵传奇,玄雨,常被借的是“从小兵到统帅、星际机甲与战争组织并进”的热血军团升级法。,起点,高,高,小兵起家＋机甲军团升级,起点书页；多篇盘点把它点作星际机甲流/网络科幻早期开山。,2026-07-18T13:17:54+08:00
p1_batch01_hotlist.md,ST-002,candidate,猛龙过江,骷髅精灵,最常被借的是“虚拟网游＋公会争霸＋现实/游戏双线爽感”的早期网游文模板。,起点,高,高,虚拟网游＋公会争霸双线,起点书页；网游发展史与流派盘点都把它放在早期网游流核心位置。,2026-07-18T13:17:54+08:00
p1_batch01_hotlist.md,ST-002,candidate,十日终焉,杀虫队队员,常被借的是“规则怪谈＋无限流＋群像智斗”三者捏成一体的近年番茄骨架。,番茄,高,中,规则怪谈＋群像闯关,番茄书页；媒体把它列为“规则怪谈＋无限流”代表。,2026-07-18T13:17:54+08:00
p1_batch01_hotlist.md,ST-002,candidate,遮天,辰东,后人常借的是“大帝/圣体/禁区/圣地世家”的宇宙感地图与位格体系。,起点,高,中,大帝位格＋禁区圣地图,起点官方及同人检索；社区盘点常把它点作“大帝流”母本。,2026-07-18T13:17:54+08:00
p1_batch01_hotlist.md,ST-002,candidate,完美世界,辰东,更常被借的是“天才幼崽起手＋大世界逐层揭幕＋血脉古族大战”，但直接模板化程度略低于《遮天》。,起点,高,中,幼崽开局＋古族位面升级,起点书页；与《遮天》存在大量前传/同宇宙消费。,2026-07-18T13:17:54+08:00
p1_batch01_hotlist.md,ST-002,candidate,圣墟,辰东,常被借的是“灵气复苏的大地异变＋名山古迹复苏＋进化层级”，更像后期灵气复苏的资源库。,起点,高,中,灵气复苏＋进化地图,起点书页；同世界衍生与社区盘点常并提其“灵气复苏/进化流”。,2026-07-18T13:17:54+08:00
p1_batch01_hotlist.md,ST-002,candidate,吞噬星空,我吃西红柿,后来者常借的是“地球危机起步—宇宙扩图—血统/天赋/星空公司”的线性宇宙升级。,起点,高,中,地球起步＋星空宇宙升级,起点书页；大量同宇宙/同题材衍生。,2026-07-18T13:17:54+08:00
p1_batch01_hotlist.md,ST-002,candidate,阳神,梦入神机,最常被借的是“人仙/鬼仙的双轴成长、诸子百家与香火神道混搭”的高概念力量体系。,纵横／其他候选,高,中,人仙鬼仙双轴＋诸子神道,纵横作者简介可核对作品；社区型流派盘点直接出现“阳神流”。,2026-07-18T13:17:54+08:00
p1_batch01_hotlist.md,ST-002,candidate,一世之尊,爱潜水的乌贼,常被借的是“轮回任务链＋多神话体系并服＋彼岸位格”的高维世界串联法。,起点,高,中,轮回任务链＋神话并服,起点书页；站内同人检索能看到直接沿用“将夜/神墓/遮天式”世界拼接法。,2026-07-18T13:17:54+08:00
p1_batch01_hotlist.md,ST-002,candidate,奥术神座,爱潜水的乌贼,后人常借的是“科学方法论进法术体系、西幻议会制升级”的解释骨架。,起点,中,中,科学修法＋议会西幻升级,起点官方书页；作者访谈与社区讨论长期把它当“理工西幻/奥术流”代表。,2026-07-18T13:17:54+08:00
p1_batch01_hotlist.md,ST-002,candidate,史上第一祖师爷,八月飞鹰,最常被借的是“系统建宗门＋收徒养成＋宗门扩张”的组织型爽文结构。,起点,高,中,系统建宗门＋收徒扩张,起点书页；后续大量“宗门系统/收徒返还”讨论可回勘。,2026-07-18T13:17:54+08:00
p1_batch01_hotlist.md,ST-002,candidate,第一序列,会说话的肘子,常被借的是“废土壁垒社会＋组织势力卡位＋主角在灾后秩序中上升”的大框。,起点,高,中,废土壁垒＋组织势力上升,起点书页；同人检索可见“任小粟世界观”续写感很强。,2026-07-18T13:17:54+08:00
p1_batch01_hotlist.md,ST-002,candidate,全球高武,老鹰吃小鸡,后人常借的是“现代都市高武＋学府—地窟双地图＋数值化血气升级”。,起点,高,中,现代高武＋学府地窟双图,起点书页；同人检索大量直接吃“方平/地窟”解释成本。,2026-07-18T13:17:54+08:00
p1_batch01_hotlist.md,ST-002,candidate,万族之劫,老鹰吃小鸡,常被借的是“诸天战场＋榜单考核＋诸族/学府/人境多重阵营”。,起点,高,中,万族战场＋学府榜单体系,起点书页；同人检索可见直接吃“万族/苏宇/文王系”设定。,2026-07-18T13:17:54+08:00
p1_batch01_hotlist.md,ST-002,candidate,从红月开始,黑山老鬼,后人更常借的是“精神污染分级＋特殊污染源＋城市收容机构”这套都市诡异底盘。,起点,高,中,精神污染＋收容机构体制,起点书页；中国作家网谈克苏鲁化网悬时把它列为后继作品。,2026-07-18T13:17:54+08:00
p1_batch01_hotlist.md,ST-002,candidate,道诡异仙,狐尾的笔,最常被借的是“中式克系＋真假难辨主观视角＋扭曲仙佛”，更像一种氛围母体。,起点,高,中,中式克系＋真假难辨视角,起点书页；中国作家网把它列入《诡秘之主》后的克系悬疑后继。,2026-07-18T13:17:54+08:00
p1_batch01_hotlist.md,ST-002,candidate,惊悚乐园,三天两觉,后人常借的是“剧本副本＋吐槽型高智商主角＋玩梗数据库”这套副本写法。,起点,高,中,剧本副本＋吐槽智斗,中国作家网强调它用无限流文本类型支撑“玩梗”叙事；站内同人可核对。,2026-07-18T13:17:54+08:00
p1_batch01_hotlist.md,ST-002,candidate,轮回乐园,那一只蚊子,它更像是把乐园流做成了集大成版本，后人爱借“契约者、衍生世界、天赋/烙印”这套。,起点,高,中,契约者＋衍生世界乐园流,中国作家网称其为近年来最受欢迎的无限流集大成作；中国作家网新闻可核对作品信息。,2026-07-18T13:17:54+08:00
p1_batch01_hotlist.md,ST-002,candidate,炮灰攻略,莞尔wr,女频后来者最常借的是“炮灰/女配任务世界＋改命＋打脸爽点”的快穿工作流。,起点女生,中,中,炮灰快穿＋任务改命,起点书页；知乎/社区常把它视作早期鼻祖型快穿文。,2026-07-18T13:17:54+08:00
p1_batch01_hotlist.md,ST-002,candidate,快穿之打脸狂魔,风流书呆,纯爱快穿后来者最爱借的是“系统在、爽点密、每个世界都围绕打脸/逆转展开”的节奏。,晋江,高,中,系统快穿＋高密度打脸,晋江原书页；北大网文论坛评论可核对其在快穿文中的地位。,2026-07-18T13:17:54+08:00
p1_batch01_hotlist.md,ST-002,candidate,黎明之剑,远瞳,常被借的是“西幻领地改造＋科技/魔法耦合＋文明史叙事”的种田升级版。,起点,高,中,魔法种田升级为文明重建,中国作家网明确称其是“如何魔法种田”的进一步发展；研讨会报道亦有同样判断。,2026-07-18T13:17:54+08:00
p1_batch01_hotlist.md,ST-002,candidate,回到明朝当王爷,月关,后人常借的是“历史穿越＋权谋官场＋后宫/家国双线并跑”的古早历史爽文框架。,起点,高,中,历史穿越＋官场家国双线,起点书页；弱证据：长期被作为历史穿越代表作反复提及。,2026-07-18T13:17:54+08:00
p1_batch01_hotlist.md,ST-002,candidate,官居一品,三戒大师,更常被借的是“科举起步—官场升级—制度缝隙求生”的历史技术流。,起点,高,中,科举官场＋制度技术流,起点书页；弱证据：历史官场推荐系稳定高频出现。,2026-07-18T13:17:54+08:00
p1_batch01_hotlist.md,ST-002,candidate,地狱公寓,黑色火种,常被借的是“受困场域＋任务逼近＋找生路而不是硬打”的规则怪谈思路。,起点,中,中,封闭场域＋生路规则,起点书页；作者后续《恶魔公寓》被视作延续。,2026-07-18T13:17:54+08:00
p1_batch01_hotlist.md,ST-002,candidate,寻秦记,黄易,最常被借的是“现代人带已知历史知识进入古代权力/情感网络”的穿越祖型。,其他,高,中,现代人入古代权力局,主流媒体仍直接称其“穿越IP鼻祖”；弱证据但共识很稳。,2026-07-18T13:17:54+08:00
p1_batch01_hotlist.md,ST-002,candidate,重生传说,周行文,后来者借得最狠的是“回到少年时代重开人生”这个几乎不用解释的都市重生开局。,起点,中,中,都市重生＋人生重开,起点书页；起点问答/社区反复把它叫作重生流鼻祖。,2026-07-18T13:17:54+08:00
p1_batch01_hotlist.md,ST-002,candidate,从零开始,雷云风暴,常被借的是“超长篇虚拟网游＋游戏经济/公会/现实映射”这一整套重运营写法。,起点,高,中,超长篇网游运营流,起点书页；网游史文章把它列为早期重要分支。,2026-07-18T13:17:54+08:00
p1_batch01_hotlist.md,ST-002,candidate,永生,梦入神机,后人更常借的是“肉身—神通—长生—成仙”这种高度可抄表的境界梯子。,纵横,高,中,肉身神通五境表,纵横主页书目信息直接给出核心境界；作者访谈点名其重要地位。,2026-07-18T13:17:54+08:00
p1_batch01_hotlist.md,ST-002,candidate,紫川,老猪,常被借的是“多势力军政博弈＋热血青年群像＋帝国史诗”的旧派大长篇结构。,起点,高,中,军政群像＋帝国史诗,起点书页；被反复列入“网络四大名著”。,2026-07-18T13:17:54+08:00
p1_batch01_hotlist.md,ST-002,candidate,长生不死,观棋,后人常借的是“运朝/气运/风水/功名”一体化的帝朝争霸修仙。,起点,高,中,运朝气运＋王朝修仙,起点书页直接给出“气运—风水—功名”式骨架；社区型流派盘点视其为运朝流源头。,2026-07-18T13:17:54+08:00
p1_batch01_hotlist.md,ST-002,candidate,明朝败家子,上山打老虎额,更常被借的是“历史文里放强节奏日常经营和点子兑现”的轻快爽文法。,起点,高,中,历史日常经营＋点子兑现,起点书页；弱证据：历史轻爽文推荐系高频母本。,2026-07-18T13:17:54+08:00
p1_batch01_hotlist.md,ST-002,candidate,我在惊悚游戏里封神,壶鱼辣椒,后来者常借的是“直播副本＋公会积分＋邪门美学反派魅力”的纯爱惊悚游戏框。,晋江,高,中,直播副本＋公会积分,晋江原书页；改编宣传与平台介绍均把它定位成人气无限流。,2026-07-18T13:17:54+08:00
p1_batch01_hotlist.md,ST-002,candidate,晚明,柯山梦,常被借的是“军事工业、财政、殖民扩张、双主角分工”的晚明技术流历史写法。,起点,中,中,晚明技术流＋双主角经营,起点书页；弱证据：历史技术流讨论高频母本。,2026-07-18T13:17:54+08:00
p1_batch01_hotlist.md,ST-002,candidate,清穿日常,多木木多,后来者常借的是“清穿但不走大阴谋，转向日常吃穿、后宅与皇子府经营”的轻运营写法。,晋江,高,中,清穿日常＋后宅经营,晋江原书页；中国作家网谈种田/清穿时把它列入代表作。,2026-07-18T13:17:54+08:00
p1_batch01_hotlist.md,ST-002,candidate,盗墓笔记,南派三叔,它更像是在《鬼吹灯》之后把“人物关系、长期悬念、系列续作宇宙化”做大，后来者更爱借这部分。,其他,高,中,盗墓悬念宇宙＋铁三角关系,研究文章与系列化资料都指向其强宇宙延展，但“原型度”我给中，不给高。,2026-07-18T13:17:54+08:00
p1_batch01_hotlist.md,ST-002,candidate,大奉打更人,卖报小郎君,它很常被借的是“朝堂探案＋修行体系＋爽点密度”的拼装能力，但更像成熟缝合高手，不像源头。,起点,高,中,朝堂探案＋修行缝合流,中国作家网把它点成元素融合爆款；起点书页可核对作品信息。,2026-07-18T13:17:54+08:00
p1_batch01_hotlist.md,ST-002,candidate,诡舍,夜来风雨声丶,常被借的是“血门/大巴/被迫轮次入门”的番茄式无限惊悚壳，但我还不愿把它抬到强原型。,番茄,高,中,血门轮次＋无限惊悚求生,番茄书页；媒体把它与《十日终焉》并列为近年规则怪谈＋无限流代表。,2026-07-18T13:17:54+08:00
p1_batch01_hotlist.md,ST-002,hot_only,庆余年,猫腻,更像“顶级完成度、顶级人物与权谋观感”的爆款，不太像可被大规模复刻的骨架机。｜平台：起点｜A热度：高｜B可借用原型度：低｜骨架指纹：现代意识入古代权谋｜证据线索：起点书页；社区长期把它当历史网文高峰，但非明显模板母体。,,,仅爆款不入原型,,,2026-07-18T13:17:54+08:00
p1_batch01_hotlist.md,ST-002,hot_only,雪中悍刀行,烽火戏诸侯,最常被模仿的是“金句感、人物腔、江湖庙堂并置”，可真正能借走的稳定骨架反而没那么强。｜平台：起点｜A热度：高｜B可借用原型度：低｜骨架指纹：江湖庙堂群像美学｜证据线索：起点书页；同人存在，但更多借风味不借骨架。,,,仅爆款不入原型,,,2026-07-18T13:17:54+08:00
p1_batch01_hotlist.md,ST-002,hot_only,琅琊榜,海宴,它更像“复仇权谋剧教科书”，但直接可复刻的网文升级骨架并不强。｜平台：起点／出版｜A热度：高｜B可借用原型度：低｜骨架指纹：病弱谋士复仇权谋｜证据线索：起点书页；中国作家网报道其早已红遍网络。,,,仅爆款不入原型,,,2026-07-18T13:17:54+08:00
p1_batch01_hotlist.md,ST-002,hot_only,将夜,猫腻,它被借走更多的是气质、世界观厚度和书院理念，不是那种一眼就能抄表复写的模板。｜平台：起点｜A热度：高｜B可借用原型度：低｜骨架指纹：书院修行＋永夜哲学｜证据线索：起点书页；同人存在，但模板化传播不如同代强原型。,,,仅爆款不入原型,,,2026-07-18T13:17:54+08:00
p1_batch01_hotlist.md,ST-002,hot_only,牧神记,宅猪,它更像“设定与反转惊艳”的名作，读者记住的是创意和语感，不是方便后来者搬运的硬骨架。｜平台：起点｜A热度：高｜B可借用原型度：低｜骨架指纹：大墟反转＋世界观掀盖｜证据线索：起点书页；同人有，但更多是名场面消费。,,,仅爆款不入原型,,,2026-07-18T13:17:54+08:00
p1_batch01_hotlist.md,ST-002,hot_only,魔道祖师,墨香铜臭,它很火，但后来者真正大量借走的更多是“世家修真＋旧案回溯”表层感，而不是一个稳定、可工业化再生产的模板。｜平台：晋江｜A热度：高｜B可借用原型度：低｜骨架指纹：世家修真＋旧案回溯｜证据线索：晋江原书页；影响极大，但模板借用更分散。,,,仅爆款不入原型,,,2026-07-18T13:17:54+08:00
p1_batch01_hotlist.md,ST-002,hot_only,天官赐福,墨香铜臭,强在人物关系和情绪价值，不强在被后来者大规模搬走的标准骨架。｜平台：晋江｜A热度：高｜B可借用原型度：低｜骨架指纹：神官体系＋前缘重逢｜证据线索：晋江原书页；续写很多，但结构借用证据一般。,,,仅爆款不入原型,,,2026-07-18T13:17:54+08:00
p1_batch01_hotlist.md,ST-002,hot_only,三生三世十里桃花,唐七公子,它是仙侠言情大爆款，但行业里更常借的是“前世今生仙恋”大母题，不一定直接认它为唯一模板。｜平台：晋江／出版｜A热度：高｜B可借用原型度：低｜骨架指纹：前世今生仙恋｜证据线索：晋江作者页/书页与公开资料可核对；长尾影响强，模板性我给低。,,,仅爆款不入原型,,,2026-07-18T13:17:54+08:00
p1_batch01_hotlist.md,ST-002,hot_only,我在精神病院学斩神,三九音域,常被借的是超猛开局钩子，但更多是“钩子爆、节奏猛”的爆款，不是特别稳定的母骨架。｜平台：番茄｜A热度：高｜B可借用原型度：低｜骨架指纹：精神病院钩子＋大夏神明｜证据线索：番茄书页；衍生存在，但更多吃IP名气。,,,仅爆款不入原型,,,2026-07-18T13:17:54+08:00
p1_batch01_hotlist.md,ST-002,hot_only,何以笙箫默,顾漫,它是都市言情的大爆款和情绪母题源，但更像“破镜重圆天花板”，不是便于工业化仿写的复杂骨架。｜平台：晋江｜A热度：高｜B可借用原型度：低｜骨架指纹：破镜重圆经典母题｜证据线索：晋江原书页；读者评论长期把它当情感范本。,,,仅爆款不入原型,,,2026-07-18T13:17:54+08:00
p1_batch01_hotlist.md,ST-002,hot_only,残次品,priest,强在世界观完成度和人物关系，不强在被后来者一眼拿走就能复写的模板化部件。｜平台：晋江｜A热度：高｜B可借用原型度：低｜骨架指纹：星际群像＋自由主义议题｜证据线索：晋江原书页；中国作家网文章更强调其科幻资源改造而非模板扩散。,,,仅爆款不入原型,,,2026-07-18T13:17:54+08:00
p1_batch01_hotlist.md,ST-002,hot_only,默读,priest,它是刑侦纯爱爆款，但后来者更难直接“借骨架”，多数只能借氛围和人物关系张力。｜平台：晋江｜A热度：高｜B可借用原型度：低｜骨架指纹：都市刑侦＋创伤回溯｜证据线索：晋江原书页；站内番外/评论很多，但模板外流迹象不强。,,,仅爆款不入原型,,,2026-07-18T13:17:54+08:00
p1_batch02_hotlist.md,ST-002,candidate,赘婿,愤怒的香蕉,开局情境/势力/叙事装置,起点,高,中,入赘低位起手＋经商入朝局,起点书页把它写得很清楚：男主是“入门女婿”位阶起手；而行业研报又显示，移动端男频热销榜里赘婿题材曾高度密集，但我没查到足够明确的“赘婿流=直接从本书拆骨”的公开盘点，所以 B 先压在中。 中,2026-07-18T14:03:06+08:00
p1_batch02_hotlist.md,ST-002,candidate,唐砖,孑与2,爽点机制/叙事口气/开局情境,起点,高,高,贞观日常＋点子兑现,官方书页确定它是现代人掉进贞观的轻松穿越；评论文章还直接点名《唐砖》用“轻松幽默”给历史小说写法带来“颠覆性突破”，这就不是单纯火，而是写法被后来人照着搬。 强,2026-07-18T14:03:06+08:00
p1_batch02_hotlist.md,ST-002,candidate,临高启明,吹牛者,世界观/势力/制度搭建,起点,中,中,集体穿越＋工业制度大会战,起点书页就把它定在“五百废柴在明末从零开始”的集体穿越工业线；它的核心可借处不是某个主角，而是“多人协作建制度”的工程型骨架，但公开仿作盘点我这轮没查到特别硬，所以 B 不上高。 中,2026-07-18T14:03:06+08:00
p1_batch02_hotlist.md,ST-002,candidate,极品家丁,禹岩,开局情境/爽点机制/后宅朝堂接口,起点,高,高,家丁低位＋才子撬后宅朝堂,起点书页给出的就是林三从家丁位阶进入大华权力与情感场；更关键的是，知乎上长期存在大量“类似《极品家丁》”的找书串，且不少回答反过来把《家丁》《唐砖》《回明》并列成历史爽文参照系，这就是被拿来当模板用的典型信号。 强,2026-07-18T14:03:06+08:00
p1_batch02_hotlist.md,ST-002,candidate,带着仓库到大明,迪巴拉爵士,开局外挂/种田经营/弟子势力,起点,高,中,仓库外挂＋明初经营投喂,起点和微信读书都把它的卖点写得很直白：带仓库穿明初、主角“只想种田”；这条线后来很容易被借成“现代物资外挂＋历史经营流”，但公开祖型盘点还不算很硬，所以 B 先给中。 中,2026-07-18T14:03:06+08:00
p1_batch02_hotlist.md,ST-002,candidate,绍宋,榴弹怕水,势力/叙事装置/家国重开局,起点,高,中,南宋残局＋皇帝视角重开,起点/阅读页都明确它是1127 年宋室残局、赵构位面重开；这本更像“南宋中兴重开局”写法坐标，影响感很强，但我没有查到成规模“绍宋式”仿作盘点，所以只给 B 中。 中,2026-07-18T14:03:06+08:00
p1_batch02_hotlist.md,ST-002,candidate,师士传说,方想,世界观/成长表/战斗体系,起点,中,高,垃圾星少年＋冷硬机甲训练,公开讨论里已经有人直接把《师士传说》叫作“机甲流的开山之作”，而“网文史必须提什么”的回答也把它点成 2006 年“硬核机甲”开山，这种说法已经够把 B 拉到高。 强,2026-07-18T14:03:06+08:00
p1_batch02_hotlist.md,ST-002,candidate,卡徒,方想,世界观/职业体系/生产装置,起点,中,高,制卡职业＋卡片社会分工,起点书页能核到作品本身；更关键的是，推荐文直接把《卡徒》称为“卡牌流网文经典鼻祖之一”，后面又列了一串同类书单，这就是很标准的“祖型—后续跟写”链。 强,2026-07-18T14:03:06+08:00
p1_batch02_hotlist.md,ST-002,candidate,宠魅,乱,世界观/成长表/爽点机制,起点,中,高,契约魂宠＋多宠对战进阶,起点官方页直接把《宠魅》定在“宠物养成/战斗”；推荐回答又明说它是“宠物流的经典开山鼻祖”，而且把后续御兽书单基本都往这条线上收。 强,2026-07-18T14:03:06+08:00
p1_batch02_hotlist.md,ST-002,candidate,修真世界,方想,世界观/生产体系/成长表,纵横,中,中,灵植工坊＋修真生产队,书目信息能核到它是方想转到纵横后的代表作，左莫从灵植夫一路做大；更重要的是，后来直接出现了带“修真世界”前缀的相近作品名，说明这套“生产型修真”在读者认知里很适合继续拆。 中,2026-07-18T14:03:06+08:00
p1_batch02_hotlist.md,ST-002,candidate,恶魔法则,跳舞,世界观/成长表/爽点机制,起点,高,中,废物贵族＋卖魂换权能,起点书页能核到它的核心设定是“废物/白痴贵族＋恶魔交易”；中国作协相关访谈里，跳舞也把《恶魔法则》说成自己年轻时世界观的集中表达。它很火，也很能代表一类早期西幻升级文，但我没查到足够稳的“恶魔法则流”盘点。 中,2026-07-18T14:03:06+08:00
p1_batch02_hotlist.md,ST-002,candidate,亵渎,烟雨江南,世界观/势力/反英雄调性,早期网文/出版流通,中,中,反英雄乱世西幻权术,公开简介把它写得很明白：破落贵族小人物在乱世、教会、贵族与力量体系间上爬；知乎评价里也反复提它的世界框架和价值观表达。但“后人照着这套骨架写”的公开证据不算密，所以 B 给中。 中,2026-07-18T14:03:06+08:00
p1_batch02_hotlist.md,ST-002,candidate,杜拉拉升职记,李可,成长表/职场势力/叙事装置,出版,高,高,白领升级表＋外企生存术,无论是作品介绍还是后续传播，都一直把它叫成“中国白领必读的职场修炼小说”；它不是靠世界观出名，而是把“升职—汇报—内耗—晋升”写成了一套可复制的职场叙事模版。 强,2026-07-18T14:03:06+08:00
p1_batch02_hotlist.md,ST-002,candidate,我真是大明星,尝谕,开局情境/爽点机制/叙事装置,起点/创世,高,中,文娱抄书＋节目打脸登顶,作品介绍能核到“平行世界里没有那些综艺、歌曲、影视作品”；它后来又因为内容争议被反复讨论，知乎也把它写成作者地位跃升的核心作品。它像模板，但公开“仿作链”我这轮没摸到很硬的盘点。 中,2026-07-18T14:03:06+08:00
p1_batch02_hotlist.md,ST-002,candidate,重生之神级败家子,辰机唐红豆,爽点机制/开局外挂/财富装置,起点,高,中,败家任务＋花钱反赚位格,起点书页把它的核心爽点写得很直白：“我必须得败家”；这本和后来的“神豪/败家/返利”方向显然有血缘关系，但我没查到足够清楚的公开祖谱，所以 B 先给中。 中,2026-07-18T14:03:06+08:00
p1_batch02_hotlist.md,ST-002,candidate,上门龙婿,叶公子,开局情境/爽点机制/身份反转,QQ阅读/七猫,高,高,窝囊女婿＋隐藏顶门身份,QQ 阅读与七猫页面都把它的核心卖点写成“人人看不起的上门女婿，其实是顶级家族大少爷”；再叠加行业研报里赘婿题材在移动端男频热销榜的高占比，这套“受辱—忍耐—亮身份”骨架已经是成熟公共模板。 强,2026-07-18T14:03:06+08:00
p1_batch02_hotlist.md,ST-002,candidate,黄金瞳,打眼,开局外挂/行业场景/爽点机制,起点,高,中,眼异变＋鉴宝捡漏升咖,起点书页和中国作家网简介都把它写成“典当行小职员＋眼睛异变＋古玩鉴宝”；它明显坐在都市鉴宝爽文的源头线上，但公开“黄金瞳流”盘点证据不够密，所以 B 不上高。 中,2026-07-18T14:03:06+08:00
p1_batch02_hotlist.md,ST-002,candidate,天才相师,打眼,开局传承/行业场景/爽点机制,起点,高,中,相术入世＋鉴藏交际圈,起点书页点明它是“少年叶天偶得相师传承”；早期书评又把它叫成“时下最火”。这条线后来很容易长成“相师/风水/掌眼”都市混合流，但我没有查到稳定仿作系谱，B 先给中。 中,2026-07-18T14:03:06+08:00
p1_batch02_hotlist.md,ST-002,candidate,穿成男主白月光[快穿],盛夏的小扇,叙事装置/爽点机制/情感结构,晋江,高,高,白月光任务＋离场后余震,晋江页面能核到它一上来就是“系统＋快穿＋穿书＋白月光”；更关键的是，晋江“白月光”作品页直接能看到大量同题路数，说明“去做男主生命里那个会离开的白月光”已经从单一梗长成了可复用装置。 强,2026-07-18T14:03:06+08:00
p1_batch02_hotlist.md,ST-002,candidate,穿书后我嫁给了残疾暴君,沐沐良辰,开局情境/情感结构/爽点机制,晋江,高,中,穿书婚配＋残缺反派救赎,晋江书页把它写得很明白：女配、穿书、甜文，且核心关系就是“嫁给残缺暴君”；这条线后来大量长成“反派救赎/残疾夫君/先婚后爱”组合，但我这轮查到的更多是同类推荐，不够把 B 拉高。 中,2026-07-18T14:03:06+08:00
p1_batch02_hotlist.md,ST-002,candidate,洗铅华,七月荔,叙事装置/开局情境/情感结构,知乎盐言,高,高,恶毒女配觉醒＋先改命后还债,知乎与媒体稿都能核到它从 2019 年在问题回答里连载，后来成了知乎早期头部盐言故事之一；而“如果穿成虐文女配该怎么办”这句母题，本身就成了后来无数短篇/穿书古言的公共入口。 强,2026-07-18T14:03:06+08:00
p1_batch02_hotlist.md,ST-002,candidate,凤囚凰,天衣有风,开局情境/世界观/情感结构,起点,高,中,公主壳穿越＋南朝权欲美男局,起点与微信读书都能核到《凤囚凰》是楚玉穿到山阴公主壳里开局；它极强地定义了“公主府＋历史穿壳＋美强惨男主”的吸引力，但公开仿作链没我预想中密。 中,2026-07-18T14:03:06+08:00
p1_batch02_hotlist.md,ST-002,candidate,首辅娇娘,偏方方,爽点机制/成长表/家庭装置,起点,高,中,农家错抱女＋养娃养首辅,起点书页与问答页都把它写成“侯府千金错抱成农家女，意外嫁未来首辅”的框架；这条线很好借，尤其适合延展成“农家/养崽/权臣养成”复合型古言，但公开祖型盘点不够强。 中,2026-07-18T14:03:06+08:00
p1_batch02_hotlist.md,ST-002,candidate,农家小福女,郁雨竹,成长表/种田经营/家庭势力,起点,高,中,农家幼女＋系统积分长线成长,起点与微信读书都能核到它是农家幼女开局，而且前段就有积分装置；这本更像女频长线种田成长模版，不是一锤子强设定，但很适合后续作者拆成“农家幼崽—家业变现—科举/行医/经商”链。 中,2026-07-18T14:03:06+08:00
p1_batch02_hotlist.md,ST-002,candidate,何以笙箫默,顾漫,情感结构/叙事装置,晋江,高,中,久别重逢＋不愿将就,顾漫词条能核到她正是靠《何以笙箫默》成名；中国作家网评论也把它视作“成功的校园言情小说”，其最可借的不是世界观，而是“少年情感欠账—成年重逢补账”的叙事装置。 中,2026-07-18T14:03:06+08:00
p1_batch02_hotlist.md,ST-002,candidate,微微一笑很倾城,顾漫,叙事装置/爽点机制/双线结构,晋江,高,中,网游马甲恋爱＋现实大神奔现,晋江页面明确标了“网游”，顾漫词条也能核到她再度靠它拿到年度最佳作者。它后来影响了大量“线上先恋/线下大神奔现”套路，但我没查到足够系统的仿作盘点，因此 B 先给中。 中,2026-07-18T14:03:06+08:00
p1_batch02_hotlist.md,ST-002,candidate,地狱电影院,黑色火种,叙事装置/规则/成长资源,起点,高,高,扮演恐怖片角色赚赎死券,起点书页把它写成“捡到海报后被投入真实恐怖片内扮演角色”；更关键的是，推书文直接把《魔鬼公寓》称为《地狱电影院》的“plus 升级版”，等于公开承认这套装置已被后作拿来再加工。 强,2026-07-18T14:03:06+08:00
p1_batch02_hotlist.md,ST-002,candidate,恐怖广播,纯洁滴小龙,叙事装置/规则/群体组织,起点,高,中,广播点名＋听众任务生存,多个页面能核到它的标志性开场就是“欢迎收听恐怖广播”；再结合作者作品谱系，可以明显看出这本把“灵异任务＋现代场景”的接口打通了，但公开仿作盘点不如《电影院》那条明显。 中,2026-07-18T14:03:06+08:00
p1_batch02_hotlist.md,ST-002,candidate,欢迎来到噩梦游戏,薄暮冰轮,世界观/副本设计/叙事装置,晋江,高,高,黄昏之乡＋女频无限流副本,晋江页面能核到它是“无限流/恐怖游戏”；评论文更直接说它写在“女频无限流刚刚兴起时”，而且直到今天还是“几乎所有推荐女频无限流书单都会收录”的作品，这已经足够把 B 拉高。 强,2026-07-18T14:03:06+08:00
p1_batch02_hotlist.md,ST-002,candidate,噩梦惊袭,温柔劝睡师,开局情境/规则/副本推进,起点,高,中,陌生门出现＋噩梦副本拉人,起点官方页能核到它就是“睡醒后家中出现陌生门”的噩梦副本开局；后续讨论也把它视作长期在榜的悬疑灵异作品，但我没查到特别稳的“惊袭式”仿作盘点。 中,2026-07-18T14:03:06+08:00
p1_batch02_hotlist.md,ST-002,heat_only,庆余年,猫腻,世界观/势力/身世谜局,起点,高,低,旧世界废墟上重开权谋局,起点书页和媒体报道都能证明它是猫腻成名作、热度极高，但我这轮没查到稳定“庆余年流”盘点，所以放仅爆款。 弱,2026-07-18T14:03:06+08:00
p1_batch02_hotlist.md,ST-002,heat_only,将夜,猫腻,世界观/修行秩序/书院势力,起点,高,低,昊天规则＋书院修行长线,起点和相关评论都能核到《将夜》很强，也有奖项与高位 IP 价值记录，但公开“将夜式”仿作链我没摸到。 弱,2026-07-18T14:03:06+08:00
p1_batch02_hotlist.md,ST-002,heat_only,仙逆,耳根,成长表/心境线/强者路,起点,高,低,顺为凡逆则仙的求道线,起点和耳根词条都说明《仙逆》是作者的代表作与成名作；可它和传统凡人修仙线的边界并不总能分得很清，所以这轮不把它抬成新祖型。 弱,2026-07-18T14:03:06+08:00
p1_batch02_hotlist.md,ST-002,heat_only,雪中悍刀行,烽火戏诸侯,群像/庙堂江湖双线/名场面,纵横,高,低,北凉世子游历后反入局,作者简介页把《雪中》列在烽火的核心代表作之列，热度没问题；但我这轮没查到稳定“雪中式江湖群像”仿作盘点。 弱,2026-07-18T14:03:06+08:00
p1_batch02_hotlist.md,ST-002,heat_only,陈二狗的妖孽人生,烽火戏诸侯,爽点机制/草根逆袭/都市势力,起点—后转纵横,高,低,东北底层刁民一路爬京圈,中国作协载文和作者相关资料都把它当烽火的都市代表作，但这种“草根逆袭都市狠人”更像广义流行气质，不够证明它是单本祖型。 弱,2026-07-18T14:03:06+08:00
p1_batch02_hotlist.md,ST-002,heat_only,很纯很暧昧,鱼人二代,开局外挂/校园后宫/都市异能,起点系,高,低,透视外挂＋校花后宫升级,QQ 阅读与相关书单页都能核到它是鱼人二代的都市代表作，“校花/贴身高手流派引领者”的说法很强，但这条线更像作者系流派，不够让我单独把这一本抬高到 B 中。 弱,2026-07-18T14:03:06+08:00
p1_batch02_hotlist.md,ST-002,heat_only,校花的贴身高手,鱼人二代,开局情境/爽点机制/校园都市接口,起点系,高,低,贴身高手进校园保护校花,我能核到的公开说法更多是“鱼人二代引领了校花/贴身高手流派”，但缺少这一本单独作为祖型的清晰盘点，所以只进爆款表。 弱,2026-07-18T14:03:06+08:00
p1_batch02_hotlist.md,ST-002,heat_only,我的26岁女房客,超级大坦克科比,叙事口气/情绪结构/都市文青感,17K,高,低,合租日常＋都市情感自白,17K 书页和作者页都能核到这是科比最有代表性的都市情感作品之一；但“房客式”更多是情绪气质被学，不是稳定骨架祖型。 弱,2026-07-18T14:03:06+08:00
p1_batch02_hotlist.md,ST-002,heat_only,女总裁的上门女婿,一起成功,开局情境/爽点机制,都市分发平台,高,低,窝囊女婿＋神医武道反杀,公开检索能核到它持续高位流通，也属于移动端赘婿题材大热样本；但我没摸到足够清楚、能把它和《上门龙婿》这类分开认祖的公开证据。 弱,2026-07-18T14:03:06+08:00
p1_batch02_hotlist.md,ST-002,heat_only,完美人生,刀一耕,开局情境/事业成长/文娱重生,起点,高,低,重生文娱全才慢热创业线,起点书页和相关讨论都能核到它是刀一耕靠文娱重生文站住的位置，但我没查到稳定“完美人生式”后续盘点。 弱,2026-07-18T14:03:06+08:00
p1_batch02_hotlist.md,ST-002,heat_only,亏成首富从游戏开始,青衫取醉,叙事装置/爽点机制/公司经营,起点,高,低,反盈利系统＋公司流反向操作,起点与维基条目都能核到这本极火，也把“亏钱才赚”的反向机制写得很清楚；但我这轮更容易查到它的热度，没查到足够稳的“亏成流”祖谱。 弱,2026-07-18T14:03:06+08:00
p1_batch02_hotlist.md,ST-002,heat_only,玩家凶猛,黑灯夏火,世界观/副本/玩家身份,起点,高,低,诸天真实游戏＋玩家对撞,起点书页能核到它是诸天无限系热作；但在“谁是祖型”这件事上，它更像成熟赛道里的强爆款，不像被后人统一认祖的一本。 弱,2026-07-18T14:03:06+08:00
p1_batch02_hotlist.md,ST-002,heat_only,杉杉来吃,顾漫,情感结构/爽点机制/总裁轻喜感,晋江,高,低,呆萌社畜＋总裁轻甜日常,晋江页面和顾漫作品页都能核到它是代表作；但我只查到了它的经典性，没查到特别硬的“杉杉式小甜文”公开祖谱。 弱,2026-07-18T14:03:06+08:00
p1_batch02_hotlist.md,ST-002,heat_only,东宫,匪我思存,情感结构/叙事反转/虐点设计,出版,高,低,和亲太子妃＋失忆补刀,匪我思存作者页把《东宫》列在核心代表作序列，文本简介也能核到和亲太子妃＋忘川重忆的巨大虐点；但公开“东宫式”仿作链这轮不够硬。 弱,2026-07-18T14:03:06+08:00
p1_batch02_hotlist.md,ST-002,heat_only,纨绔世子妃,西子情,情感结构/爽点机制/世家权恋,潇湘系,高,低,纨绔世子＋强女主对飙,西子情作品页和活动报道都能核到《纨绔世子妃》是其头部代表作，但我更容易查到作者品牌和热度，没查到“世子妃流”稳定祖谱。 弱,2026-07-18T14:03:06+08:00
p1_batch02_hotlist.md,ST-002,heat_only,盛世嫡妃,凤轻,开局情境/权谋婚配/女强王妃,七猫系流通,高,低,退婚嫡女＋残王强强联盟,七猫与文本简介都能核到它是“无才无貌嫡女＋残王赐婚”骨架，热度很高；但和大量嫡女/王妃文混在一起后，祖型证据就不够锐利了。 弱,2026-07-18T14:03:06+08:00
p1_batch02_hotlist.md,ST-002,heat_only,我让反派痛哭流涕,初云之初,快穿/打脸/反派受罚装置,晋江,高,低,快穿打脸＋反派受罚回路,晋江页面和同类推荐里都能核到它是头部快穿爽文，但它和已排除的“打脸快穿”母骨架相邻太近，所以不抬 B。 弱,2026-07-18T14:03:06+08:00
p1_batch02_hotlist.md,ST-002,heat_only,快穿之炮灰女配逆袭记,很是矫情,快穿/任务改命/爽点密度,起点,高,低,炮灰任务者长线逆袭,起点书页和搜索关联页能核到它极长线、影响面很大；但它和已排除的“炮灰快穿＋任务改命”母骨架高度贴脸，所以只能当爆款样本，不当新原型。 弱,2026-07-18T14:03:06+08:00
p1_batch02_hotlist.md,ST-002,heat_only,全职法师,乱,世界观/成长表/现代法师校园,起点,高,低,现代都市法师＋学院进阶,作者主页把《全职法师》列在乱的头部作品序列里，热度毋庸置疑；但单就“后人最爱拆的骨架”来说，我没查到特别硬的公开祖谱。 弱,2026-07-18T14:03:06+08:00
p1_batch02_hotlist.md,ST-002,heat_only,联盟之谁与争锋,乱,叙事装置/电竞成长/团队对抗,起点,高,低,MOBA 电竞爬梯队,乱的作者页能稳定核到这本在其代表作名单里；它对后来的 MOBA 电竞文显然重要，但公开模版链我这轮没查到足够硬。 弱,2026-07-18T14:03:06+08:00
p1_batch02_hotlist.md,ST-002,heat_only,我欲封天,耳根,成长表/世界观/名号经营,起点,高,低,山海系修真＋名号升级,耳根词条把《我欲封天》列进其核心代表作群；但这更像耳根品牌体系的一环，不够把它单拎出来认成一个新母骨架。 弱,2026-07-18T14:03:06+08:00
p1_batch02_hotlist.md,ST-002,heat_only,一念永恒,耳根,主角气质/爽点机制/反差喜感,起点,高,低,怕死主角＋长生修真反差,起点页面与耳根词条都能核到它是头部代表作；但我没有找到足够硬的“怕死修真流”公开后继链。 弱,2026-07-18T14:03:06+08:00
p1_batch02_hotlist.md,ST-002,heat_only,明克街13号,纯洁滴小龙,世界观/叙事口气/都市奇谈,起点,高,低,圣职氛围＋都市奇谭长篇,作者作品页与作者作品列表都能核到它已进入纯洁滴小龙的头部作品阵列；不过它更像作者风格高峰，而不是已经被大量拆骨的公共模板。 弱,2026-07-18T14:03:06+08:00
p1_batch02_hotlist.md,ST-002,heat_only,魔临,纯洁滴小龙,势力/穿越群像/乱世争霸,起点,高,低,乱世穿越＋魔头集团创业,作者作品列表能核到《魔临》是纯洁滴小龙的核心作品之一；但“魔临式”作为公开可见流派名义还不强。 弱,2026-07-18T14:03:06+08:00
p1_batch02_hotlist.md,ST-002,heat_only,你是我的荣耀,顾漫,情感结构/行业包装/明星科技线,晋江/出版,高,低,明星×航天工程师再相逢,顾漫作品页能核到它已是其代表作之一，但我没查到稳定“荣耀式成熟女频甜文”盘点，所以只放爆款。 弱,2026-07-18T14:03:06+08:00
p1_batch02_hotlist.md,ST-002,heat_only,来不及说我爱你,匪我思存,情感结构/乱世虐恋/权势男主,出版,高,低,军阀乱世＋强虐爱情线,匪我思存作者页把它列为代表作，热度毋庸置疑；但从“模板借用”角度，我没查到比热度更硬的公开证据。 弱,2026-07-18T14:03:06+08:00
p1_batch02_hotlist.md,ST-002,heat_only,千山暮雪,匪我思存,情感结构/豪门虐恋/误会机制,出版,高,低,豪门虐恋＋长期误会消耗,同样属于匪我思存作者页列出的代表作，足够火，但不够证明别人主要是在拆它的骨架。 弱,2026-07-18T14:03:06+08:00
p1_batch02_hotlist.md,ST-002,heat_only,寂寞空庭春欲晚,匪我思存,情感结构/宫廷虐恋/帝妃关系,出版,高,低,清宫虐恋＋帝王私情线,作者页能核到它处在匪我思存代表作序列里；但这条线更像“悲情古偶大母题”，不是清晰单本祖谱。 弱,2026-07-18T14:03:06+08:00
p1_batch02_hotlist.md,ST-002,heat_only,京门风月,西子情,势力/婚配权谋/门阀结构,潇湘系,高,低,京门门阀＋强强婚恋权谋,西子情作品页和活动报道都能核到它是代表作；不过我这轮没查到公开“京门风月式”仿作链。 弱,2026-07-18T14:03:06+08:00
p1_batch02_hotlist.md,ST-002,heat_only,妾本惊华,西子情,开局情境/女强逆袭/权恋纠葛,潇湘系,高,低,被弃女主＋翻身权恋局,公开活动稿能核到《妾本惊华》也是西子情的已签约代表作之一，但骨架借用证据不够明显。 弱,2026-07-18T14:03:06+08:00
p1_batch02_hotlist.md,ST-002,heat_only,极品公子,烽火戏诸侯,爽点机制/都市权势/公子流,起点系,高,低,豪门公子＋都市权势布局,作者页能核到《极品公子》长期被视作烽火代表作之一；但我没查到足够硬的“公子流”公开祖谱，所以只放爆款。 弱,2026-07-18T14:03:06+08:00
p1_batch02_hotlist.md,ST-002,heat_only,牧龙师,乱,世界观/成长表/御龙养成,起点,高,低,牧龙成长＋龙系对战,乱的作者页把《牧龙师》列在代表作群里，说明热度没有问题；可从“别人是不是照着它写”看，公开证据不够。 弱,2026-07-18T14:03:06+08:00
p1_batch03_hotlist.md,ST-002,candidate,大唐双龙传,黄易,世界观／成长表／势力,港台出版；起点正版电子,高,高,双男主草根卷入天下局,中国作协转载评论把《大唐双龙传》列进网络类型小说“基石和起点”，出版页又直接把它放在隋唐争霸大格局里讲。｜级别强,2026-07-18T14:26:46+08:00
p1_batch03_hotlist.md,ST-002,candidate,覆雨翻云,黄易,世界观／势力／爽点机制,港台出版；起点问答可核,中,中,权谋武侠接飞升尾巴,起点问答明确写它是黄易作品、以明初为背景，还是《破碎虚空》的后传；这类“历史权谋+武道飞升余韵”后来常被仙武文借接口。｜级别中,2026-07-18T14:26:46+08:00
p1_batch03_hotlist.md,ST-002,candidate,边荒传说,黄易,世界观／势力／群像装置,港台出版,中,中,缓冲地带群雄并起,维基与出版页都强调“边荒”是南北缓冲地带、三主角并进，卖点不是单线升级，而是边境灰区里的群像争霸。｜级别中,2026-07-18T14:26:46+08:00
p1_batch03_hotlist.md,ST-002,candidate,破碎虚空,黄易,爽点机制／叙事装置,港台出版；起点正版电子,中,高,武道极限直通飞升,起点搜索页直接写“你所熟悉的玄幻网文大神，都是从模仿黄易起步”；中国作协转载评论也把它列为类型“基石和起点”。｜级别强,2026-07-18T14:26:46+08:00
p1_batch03_hotlist.md,ST-002,candidate,卫斯理系列,倪匡,叙事装置／开局情境,港台出版；微信读书可核,高,中,都市奇案外壳套超自然,系列条目与微信读书都把《卫斯理系列》列为倪匡代表作，且强调单元独立又彼此勾连，这正是后续“都市奇案+超常事件”母型。｜级别中,2026-07-18T14:26:46+08:00
p1_batch03_hotlist.md,ST-002,candidate,凌渡宇系列,黄易,世界观／开局情境／叙事装置,港台出版,中,中,都市冒险接史前玄学,出版介绍把“凌渡宇系列”明说成每本可独立、又彼此相关，且“集科幻、玄学于一身”；这是后面不少都市探秘文的直系骨架。｜级别中,2026-07-18T14:26:46+08:00
p1_batch03_hotlist.md,ST-002,candidate,日月当空,黄易,势力／世界观／续承装置,起点曾连载；港台出版,中,中,大唐余脉转武周魔门局,维基与起点信息都明确它是黄易与起点合作连载、又是《大唐双龙传》后续链条上的作品，说明“旧世界观续承扩写”本身就是可借装置。｜级别中,2026-07-18T14:26:46+08:00
p1_batch03_hotlist.md,ST-002,candidate,黑暗血时代,天下飘火,世界观／开局情境／爽点机制,起点,中,高,太阳消失后黑暗末世,起点原页写“如果有一天，太阳消失了”，后面又能检索到《黑暗血时代：与楚同行》《穿进黑暗血时代》等致敬/穿书衍生。｜级别强,2026-07-18T14:26:46+08:00
p1_batch03_hotlist.md,ST-002,candidate,狩魔手记,烟雨江南,世界观／成长表,起点电子,中,中,核灾荒野人类异化求生,起点电子版简介把它定成“核爆后秩序瓦解、辐射变异、人类求存”，这套“废土+基因异化+冷硬求生”骨架后来被持续复用。｜级别中,2026-07-18T14:26:46+08:00
p1_batch03_hotlist.md,ST-002,candidate,冒牌大英雄,七十二编,成长表／爽点机制,起点,中,中,废柴机修兵逆袭机甲战场,起点原页把卖点压得很清楚：一个机械修理兵，靠研究、改装、奇思妙想往上打；这是典型“技术宅兵种升级流”。｜级别中,2026-07-18T14:26:46+08:00
p1_batch03_hotlist.md,ST-002,candidate,超神机械师,齐佩甲,世界观／成长表／爽点机制,起点,高,高,玩家视角倒灌NPC成长,起点原页明确是“骨灰代练被扔进游戏世界”，并且站内可见《超神机械师之武道通神》与同人、推荐页，借用痕迹非常直。｜级别强,2026-07-18T14:26:46+08:00
p1_batch03_hotlist.md,ST-002,candidate,希灵帝国,远瞳,世界观／势力／叙事装置,起点,中,高,吐槽日常包宇宙级帝国,原作长期完结后，起点还能直接检到《希灵帝国之不可燃垃圾回收局》《希灵帝国之误入崩坏3》等多部衍生。｜级别强,2026-07-18T14:26:46+08:00
p1_batch03_hotlist.md,ST-002,candidate,异常生物见闻录,远瞳,世界观／叙事装置,起点,高,高,房东写日报串起神怪宇宙,起点原页还在，站内又能直接搜到《异常生物见闻录之守卫者》《异常生物见闻录同人文》《穿越异常生物见闻录之郝仁助理》。｜级别强,2026-07-18T14:26:46+08:00
p1_batch03_hotlist.md,ST-002,candidate,学霸的黑科技系统,晨星LL,成长表／爽点机制,起点,高,高,学术任务驱动科技飞升,原作就是“系统+学术升级”，而起点可直接检到《学霸：我的黑科技系统》《学霸的黑科技霸权》《学霸的黑科技面板》等一串近亲。｜级别强,2026-07-18T14:26:46+08:00
p1_batch03_hotlist.md,ST-002,candidate,文化入侵异世界,姐姐的新娘,爽点机制／势力,起点,中,高,文娱输出反向征服异界,原作简介一句话就把机制亮出来——“巨龙搬着小板凳追剧”，后续又能检到《我一吟游诗人，文化入侵异世界？》《从卡牌开始，文化入侵异世界！》。｜级别强,2026-07-18T14:26:46+08:00
p1_batch03_hotlist.md,ST-002,candidate,小世界其乐无穷,听日,叙事装置／爽点机制,起点,中,高,游戏机投放现实超凡事件,起点原页直接写“小世界游戏机”“超凡者打破世界寂静”，站内还有《小世界其乐无穷乔木依同人》。｜级别强,2026-07-18T14:26:46+08:00
p1_batch03_hotlist.md,ST-002,candidate,第九特区,伪戒,世界观／势力,起点,高,中,灾变后黑区秩序重建,原页把它定成“灾变后资源匮乏、局势混乱”的特区秩序文，站内还能检到《第九特区之科技为王》《我在第九特区装病》这类借壳作品；但公开证据更像跟风，不到压倒性。｜级别中,2026-07-18T14:26:46+08:00
p1_batch03_hotlist.md,ST-002,candidate,废土崛起,通吃,开局情境／爽点机制,起点,中,中,开局一条狗拾荒成军,起点原页自己就把开局名场面打出来：“开局一条狗，装备全靠捡”；站内又有《从废土崛起横扫诸天》《废土崛起：从流放星火开始》。｜级别中,2026-07-18T14:26:46+08:00
p1_batch03_hotlist.md,ST-002,candidate,末日蟑螂,伟岸蟑螂,开局情境／成长表,起点,中,中,小人物熬成末世头领,起点原页把它写成“宅家小人物躲过首轮丧尸潮”，这类“底层幸存者慢慢拉队伍”的开局，在末世文里非常常见；但公开仿作证据我只看到弱。｜级别弱,2026-07-18T14:26:46+08:00
p1_batch03_hotlist.md,ST-002,candidate,我的末世基地车,黑暗荔枝,爽点机制／成长表,起点,中,高,基地车吞资源自进化,原作就是“交通工具改装进化”，后面站内检索一串《末世：我的基地车无限升级》《末世：我的基地车独自升级》《从破烂基地车开始》。｜级别强,2026-07-18T14:26:46+08:00
p1_batch03_hotlist.md,ST-002,candidate,黑铁之堡,醉虎,世界观／爽点机制,起点,中,中,黑铁时代蒸汽武力生存,起点原页把它定成“大灾变之后规则重写，黑铁时代来临，钢铁蒸汽武力成主轴”；类型指纹很清楚，但公开跟写链不算特别密。｜级别中,2026-07-18T14:26:46+08:00
p1_batch03_hotlist.md,ST-002,candidate,深海余烬,远瞳,世界观／开局情境,起点,高,中,幽灵船长穿雾进末日海,起点原页把“浓雾封锁一切、幽灵船长”直接打成识别度极高的开场，后面已有《深海余烬：我，旧日诊疗师》这类明显跟写，但还没形成大范围模板潮。｜级别中,2026-07-18T14:26:46+08:00
p1_batch03_hotlist.md,ST-002,candidate,星级猎人,陈词懒调,世界观／成长表,起点,中,中,轻冒险星际猎人团升级,起点原页与镜像页都把它定成“星际猎人轻松小冒险”，后续还能搜到多部直接挂着“星级猎人在线阅读/加入书架”的关联作品，但公开借用证据主要还是弱跟风。｜级别中,2026-07-18T14:26:46+08:00
p1_batch03_hotlist.md,ST-002,candidate,我们是冠军,林海听涛,成长表,起点,中,中,中国天才前锋职业线,起点原页直接点明“代表人物张俊足球生涯的故事”，它更像后来大量“国足/留洋成长线”的原型稿。｜级别中,2026-07-18T14:26:46+08:00
p1_batch03_hotlist.md,ST-002,candidate,冠军教父,林海听涛,叙事装置／势力／成长表,起点,高,高,教练视角改造弱旅夺冠,起点不止有原作《冠军教父》，还直接能检到《从谢菲尔德开始：冠军教父》《冠军教父：从执教骑士开始》，同名借壳非常明显。｜级别强,2026-07-18T14:26:46+08:00
p1_batch03_hotlist.md,ST-002,candidate,禁区之雄,林海听涛,爽点机制／成长表,起点,高,中,争议型巨星一路打脸,起点原页把主角写成“世界足坛争议性球员”，这种“高冲突、招黑、硬打脸”的球星路线后面常被借。｜级别中,2026-07-18T14:26:46+08:00
p1_batch03_hotlist.md,ST-002,candidate,禁区之狐,林海听涛,成长表／世界观,起点,高,中,当代足球长期生涯模拟,起点作者页把林海听涛直接写成“原创竞技小说第一人、足球竞技小说旗帜”，《禁区之狐》就是这条谱系里最成熟的一版。｜级别中,2026-07-18T14:26:46+08:00
p1_batch03_hotlist.md,ST-002,candidate,王者时刻,蝴蝶蓝,成长表／叙事装置,起点,高,中,退役天才带路人队冲线,起点原页把它定成“KPL退役选手+指导少年组队”，这个“半职业导师+民间队伍”的电竞写法很容易被漫改/短剧借。｜级别中,2026-07-18T14:26:46+08:00
p1_batch03_hotlist.md,ST-002,candidate,篮坛第一外挂,静悄悄地写,爽点机制／成长表,QQ阅读,中,中,NBA球员系统拉满外挂感,QQ阅读页直接把它落成“体育·篮球运动·完结”，简介就是一串高光球场操作；典型“数据流外挂球星文”。｜级别中,2026-07-18T14:26:46+08:00
p1_batch03_hotlist.md,ST-002,candidate,篮坛教皇,兔来割草,叙事装置／势力,起点,中,中,数据员重生执教NBA,起点原页和镜像页都把它写成“数据管理员重生后点废成金、走教练线”，这和《冠军教父》一起，构成了体育文里最稳的“主教练流”。｜级别中,2026-07-18T14:26:46+08:00
p1_batch03_hotlist.md,ST-002,candidate,蜜汁炖鱿鱼,墨宝非宝,开局情境／爽点机制,晋江,高,中,女追男切入电竞男神圈,晋江原页、网络版文案和衍生页都能看到它的核心卖点：跨圈女追男、电竞大神、同人延展非常多；但借的主要还是“恋爱装置”，不是完整电竞世界。｜级别中,2026-07-18T14:26:46+08:00
p1_batch03_hotlist.md,ST-002,candidate,他和她的猫,唧唧的猫,开局情境／爽点机制,晋江,高,中,高冷电竞男神×主播,晋江原页与传播页都把“LPL颜值王×女主播”写得很直，且市场端甚至明确把它标成“蜜汁炖鱿鱼同类”。｜级别中,2026-07-18T14:26:46+08:00
p1_batch03_hotlist.md,ST-002,candidate,陪你到世界之巅,南野琳儿,叙事装置／成长表,QQ阅读,高,中,电竞选手争议线+热血成长,QQ阅读页直接挂出“原著作者燃情力作”，书旗又把《电竞恋人》定成它的联动姊妹篇，说明这套“电竞职业线+情感副线”的写法已被反复包装。｜级别中,2026-07-18T14:26:46+08:00
p1_batch03_hotlist.md,ST-002,candidate,冠军传奇,林海听涛,成长表,起点,中,中,草根逆袭成传奇球员,起点仍把它放在林海听涛体育谱系里，它对应的是“更纯球员成长线”的模板位置。｜级别中,2026-07-18T14:26:46+08:00
p1_batch03_hotlist.md,ST-002,candidate,冠军之心,林海听涛,成长表,起点,中,中,心气型天才返场登顶,起点仍将其置于林海听涛“足球竞技小说旗帜”的主序列里，这类“球员心气+职业复位”线在后续足球文里很常见。｜级别中,2026-07-18T14:26:46+08:00
p1_batch03_hotlist.md,ST-002,candidate,胜者为王,林海听涛,叙事装置／势力,起点,中,中,从弱教练到豪门掌舵,起点作者页把它和《冠军教父》《禁区之狐》并列在同一竞技作家谱系里，明显属于“教练/俱乐部经营流”的另一种写法。｜级别中,2026-07-18T14:26:46+08:00
p1_batch03_hotlist.md,ST-002,candidate,这号有毒,幼儿园一把手,开局情境／爽点机制,起点,中,中,玩家开号穿成提前版NPC,原作起点页把“创建小号后穿进游戏，提前三年埋伏玩家”写得非常清楚，后续还能看到“这号简直有毒啊”式直接套壳描述。｜级别中,2026-07-18T14:26:46+08:00
p1_batch03_hotlist.md,ST-002,candidate,术师手册,听日,世界观／叙事装置,起点,高,中,罪犯第一人称闯术师都市,起点原页一句“1668年，我所在的城市被评为全国治安最好的地区”就把黑色幽默调性竖起来了；后续已有《赛博朋克：术士手册》这种直观回响，但公开大面积借用还不算多。｜级别中,2026-07-18T14:26:46+08:00
p1_batch03_hotlist.md,ST-002,candidate,视死如归魏君子,平层,爽点机制／叙事装置,起点,中,高,主角求死却被误判成圣,起点原页是“确认自己被杀死就能无敌”，更关键的是站内直接出现“爆款原作，总被模仿”的提示。｜级别强,2026-07-18T14:26:46+08:00
p1_batch03_hotlist.md,ST-002,candidate,我的一天有48小时,小呆昭,叙事装置／成长表,起点,高,中,额外时间切片式通关人生,起点原页把它写成多个任务副本穿梭的结构，48 小时这个时间装置本身就很适合被短篇化、漫剧化。｜级别中,2026-07-18T14:26:46+08:00
p1_batch03_hotlist.md,ST-002,candidate,退后让为师来,隐语者,开局情境／爽点机制,起点,中,中,唐僧暴力流穿到现代,起点原页一句“退后，让为师来”，后续又能搜到《悟空退后，让为师来》《退后，这才是为师的完全体！》等近亲。｜级别中,2026-07-18T14:26:46+08:00
p1_batch03_hotlist.md,ST-002,candidate,宅魔女,咸鱼成仙,世界观／成长表,起点,中,中,废宅魔女在高魔校园苟强,起点原页与关联页把“宅”“魔女”“高魔日常”捏得很稳，明显适合二创和轻改，但目前公开跟写证据还不够高。｜级别中,2026-07-18T14:26:46+08:00
p1_batch03_hotlist.md,ST-002,candidate,少女大召唤,如倾如诉,世界观／爽点机制,起点／QQ阅读,中,高,综漫妹子召唤流大杂烩,起点与 QQ 阅读都能核到原作，网络检索还能看到《异界之二次元美少女大召唤》这类直白近亲。｜级别强,2026-07-18T14:26:46+08:00
p1_batch03_hotlist.md,ST-002,candidate,直死无限,如倾如诉,世界观／叙事装置,起点／QQ阅读,中,高,综漫无限穿梭补原作遗憾,起点原页在，B站公开把它叫“综漫类无限流代表作”，晋江还能直接搜到同名衍生。｜级别强,2026-07-18T14:26:46+08:00
p1_batch03_hotlist.md,ST-002,candidate,全世界只有我正常,隐语者,叙事装置／爽点机制,起点,中,中,众人疯诡我独自清醒,起点原页把它定成“诡异在生长，疯狂在低语”，后面站内出现《全世界都疯了，只有我是正常人》《同时穿越：正常人只有我自己？》等明显回声。｜级别中,2026-07-18T14:26:46+08:00
p1_batch03_hotlist.md,ST-002,candidate,异常收藏家,捕梦者,世界观／势力／叙事装置,起点,中,中,打工人发现自己是异常头子,起点原页和关联页能检到《关于我当异常收藏家这件事》，说明“收容机构+反向上位”的骨架已经开始被借。｜级别中,2026-07-18T14:26:46+08:00
p1_batch03_hotlist.md,ST-002,candidate,全球中二病唯有我正常,作梦DR,开局情境／叙事装置,起点,中,中,全员脑补超能力唯我清醒,起点原页写得很直：蓝月升起后全人类都误以为自己中二觉醒，这类“世界错乱、主角正常”的反差装置很好拆。｜级别中,2026-07-18T14:26:46+08:00
p1_batch03_hotlist.md,ST-002,candidate,赛博朋克：术士手册,灵魂摆烂,世界观／叙事装置,起点,低,中,赛博都市借术师壳再叠一层,它本身更像《术师手册》的显性借法：同一句式开头、同题名回声，所以我把它放正式候选末位，更多是“可见交叉借法”样本。｜级别中,2026-07-18T14:26:46+08:00
p1_batch03_hotlist.md,ST-002,candidate,恰似寒光遇骄阳,囧囧有妖,开局情境／爽点机制,阅文系可核,高,中,重生后马甲逆转强夺主动,公开可核的信息都指向“重生后智商上线、清算渣配、反拿感情主动权”，它被借得最多的是女主重开人生的爽点回路；但我没看到足够强的公开衍生链，所以 B 不抬高。｜级别弱,2026-07-18T14:26:46+08:00
p1_batch03_hotlist.md,ST-002,candidate,国民老公带回家,叶非夜,开局情境／叙事装置,起点／应用宝阅读,高,高,契约婚姻冷面男主反追,起点原页在，应用宝阅读页把“三个不许”的新婚设定写得很清楚，话本还能检到整片“国民老公”衍生分类。｜级别强,2026-07-18T14:26:46+08:00
p1_batch03_hotlist.md,ST-002,candidate,总裁在上我在下,姜小牙,开局情境／爽点机制,纸书流通；起点问答可核,高,高,偏执总裁强控旧子谜案,起点问答把“偷走我的基因、逼她交孩子”摘要直接写出，话本上还能看到一整片“总裁在上”衍生/改写。｜级别强,2026-07-18T14:26:46+08:00
p1_batch03_hotlist.md,ST-002,candidate,天才小毒妃,芥沫,开局情境／爽点机制,香网系作品；微信读书可核,高,中,废材丑女实为天才毒医,微信读书作者页能直接核到《天才小毒妃》与续作《天才小药妃》，说明“毒医王妃”这一骨架本身就可系列化延展。｜级别中,2026-07-18T14:26:46+08:00
p1_batch03_hotlist.md,ST-002,candidate,神医嫡女,杨十六,开局情境／爽点机制,七猫／纸书流通,高,高,医官穿成嫡女鞭人开挂,七猫作者页能核到原作与长内容简介，话本直接有“神医嫡女”“神医嫡女改版”等整片分类，借法很直。｜级别强,2026-07-18T14:26:46+08:00
p1_batch03_hotlist.md,ST-002,candidate,亿万老婆买一送一,安知晓,开局情境／叙事装置,纸书／书旗,高,中,带天才儿子归来反攻豪门,书旗能核到书和人物，豆瓣书评还明确把它放在安知晓“总裁系列”第一部的位置；它更像一整条豪门狗血谱系的接口书。｜级别中,2026-07-18T14:26:46+08:00
p1_batch03_hotlist.md,ST-002,heat_only,夜的命名术,会说话的肘子,世界观／开局情境,起点,高,低,里世界双线身份切换,起点原页很强、同人页也不少，但目前公开能看到的多数还是粉丝衍生，不足以证明它已经稳定输出一条新模板。｜级别中,2026-07-18T14:26:46+08:00
p1_batch03_hotlist.md,ST-002,heat_only,不科学御兽,轻泉流响,爽点机制／成长表,起点,高,低,技能图鉴驱动御兽培育,起点原页与相关作品很多，但更多像热门题材内部加速器，不像独占一个新骨架。｜级别中,2026-07-18T14:26:46+08:00
p1_batch03_hotlist.md,ST-002,heat_only,赤心巡天,情何以甚,世界观／成长表,起点,高,低,长线修行与政治秩序并走,起点原页与实体信息都很强，可它被模仿时大多只借“仙侠长线高质感”，公开可核的直系骨架拷贝并不密。｜级别中,2026-07-18T14:26:46+08:00
p1_batch03_hotlist.md,ST-002,heat_only,剑来,烽火戏诸侯,世界观／叙事气质,起点,高,低,少年持剑游历问道天下,起点长期强势、出版页齐全，但它更容易被借的是文风和气质，不是能被大批量复制的硬结构。｜级别中,2026-07-18T14:26:46+08:00
p1_batch03_hotlist.md,ST-002,heat_only,开局地摊卖大力,弈青锋,开局情境／爽点机制,番茄,高,低,灵气复苏摆摊系统坑货流,番茄页和国创页都证实它很火，但“地摊系统+高频搞笑”的复制品虽然多，公开层面更像热梗跟写，不够构成稳固母型。｜级别中,2026-07-18T14:26:46+08:00
p1_batch03_hotlist.md,ST-002,heat_only,我用闲书成圣人,出走八万里,世界观／爽点机制,起点,高,低,用演义闲书反向刷超凡,起点原页非常有辨识度，但目前公开可核更多是口碑和完结热度，不是清晰的模板外溢链。｜级别中,2026-07-18T14:26:46+08:00
p1_batch03_hotlist.md,ST-002,heat_only,我不是戏神,三九音域,世界观／开局情境,番茄,高,低,戏子立于文明废墟开场,番茄页和同人页都说明热度高、粉圈活跃，但目前外溢出来的更多是同人和角色消费，不是可批量套用的稳定骨架。｜级别中,2026-07-18T14:26:46+08:00
p1_batch03_hotlist.md,ST-002,heat_only,偷偷藏不住,竹已,开局情境,晋江,高,低,暗恋小妹视角的纯甜回收,晋江积分极高、外部改编争议也说明热度大，但它贡献给后人的主要是甜宠氛围，不是特别新的结构。｜级别中,2026-07-18T14:26:46+08:00
p1_batch03_hotlist.md,ST-002,heat_only,难哄,竹已,开局情境／叙事装置,晋江,高,低,合租重逢触发旧情复燃,晋江积分更高、剧集热度也强，不过“合租+旧情复燃+双向治愈”本身早有谱系，它更像集大成爆款。｜级别中,2026-07-18T14:26:46+08:00
p1_batch04_hotlist.md,ST-002,candidate,星辰变,我吃西红柿,世界观/成长表/飞升层级,起点,高,高,残缺开局自创功法飞升宇宙,起点系资料直接把它写成“起点仙侠代表作”的奠基性、标杆性作品，层级飞升和自创功法这套最容易被后人拆用。 ｜级别强,2026-07-18T15:44:24+08:00
p1_batch04_hotlist.md,ST-002,candidate,神墓,辰东,世界观/远古真相/太古大战,起点,高,高,神魔陵园开局追索灭天真相,中国作家网把它定为辰东成名作，馆藏资料又直接提到它“开创太古战争流”，这已经不是单纯热书，而是能被后人拿去复写的大骨架。 ｜级别强,2026-07-18T15:44:24+08:00
p1_batch04_hotlist.md,ST-002,candidate,兽血沸腾,静官,势力/族群经营/战争爽点,起点,高,高,穿异界带部族打国战,起点页把它写成“起点第一本以主角及军队编制”为卖点的作品，后续又长期被当成静官的流量代表作，说明“部族+军阵+异族扩张”这套很能当模板。 ｜级别中,2026-07-18T15:44:24+08:00
p1_batch04_hotlist.md,ST-002,candidate,升龙道,血红,开局情境/都市修真黑道路数,起点,高,中,弃徒出海黑道修真翻身,公开资料长期把它视作血红早期成名作，且直接点名它是现代修真题材里的精品，这种“都市—黑道—修真”三段式很常被二次拆装。 ｜级别中,2026-07-18T15:44:24+08:00
p1_batch04_hotlist.md,ST-002,candidate,寸芒,我吃西红柿,成长表/技能锚点/体系分级,起点,高,中,飞刀绝技切入修真升级,起点页明确了“飞刀青年+修真升级”，站外老网文回顾又把它说成早期修真分级设定的重要文本；但“开创”说法主要来自回顾文，因此 B 先给中。 ｜级别中,2026-07-18T15:44:24+08:00
p1_batch04_hotlist.md,ST-002,candidate,星峰传说,我吃西红柿,成长表/个人飞升线,起点,中,中,单主角直线上升式飞升,起点仍把它列在番茄完整代表作序列里，说明它在早期升级—飞升模版里有稳定位置，不过公开“被借用”证据不够硬，B 不往上抬。 ｜级别中,2026-07-18T15:44:24+08:00
p1_batch04_hotlist.md,ST-002,candidate,邪风曲,血红,叙事装置/历史皮仙侠骨,起点,中,中,王朝乱局里修真夺权,起点与后续回顾都把它当血红代表作之一，核心可借的是“历史朝堂+宗门修真+阴谋线”混合骨架，不是纯爽文流水账。 ｜级别中,2026-07-18T15:44:24+08:00
p1_batch04_hotlist.md,ST-002,candidate,仙葫,流浪的蛤蟆,世界观/道法体系/门派线,起点,中,中,旁门入道层层攀法脉,起点官方页面和作者页都把《仙葫》放在蛤蟆代表作序列里，适合拿来当“法脉—法宝—长生问答”型仙侠的结构母本；但缺直接仿作证据。 ｜级别中,2026-07-18T15:44:24+08:00
p1_batch04_hotlist.md,ST-002,candidate,仙道求索,虫豸,叙事装置/群像式修真黑幕,起点,中,中,资质低下靠局势裹成长,起点页能确认它的低资质开局，网文回顾又反复强调其“烧脑”和非常规修真气质，说明后人更容易借它的“冷硬修真局”而不是名场面。 ｜级别中,2026-07-18T15:44:24+08:00
p1_batch04_hotlist.md,ST-002,candidate,间客,猫腻,世界观/政治科技混搭,起点,高,中,废星少年卷入联邦大局,起点把它列为猫腻代表作，文汇专题又把《间客》放进“猫腻宇宙”里谈修真与未来科幻的并线，这种政治科幻感后来常被借口吻和结构。 ｜级别中,2026-07-18T15:44:24+08:00
p1_batch04_hotlist.md,ST-002,candidate,莲花宝鉴,油炸包子,爽点机制/禁欲条件反转,起点,中,中,禁欲神功反逼男主升级,起点页和腾讯阅读页都把“神功未成前不得近女色”写成核心钩子，这种“限制条件反向造爽点”的装置很适合被后文借壳。 ｜级别中,2026-07-18T15:44:24+08:00
p1_batch04_hotlist.md,ST-002,candidate,花开春暖,闲听落花,宅斗反宅斗/生活流成长,起点女生,高,中,小门小户慢日子化解宅局,起点页与百科式盘点都把它当闲听落花的经典宅斗文之一，而且点明了“反宅斗”标签，这种温和生活流骨架现在反而稀缺。 ｜级别中,2026-07-18T15:44:24+08:00
p1_batch04_hotlist.md,ST-002,candidate,天王,跳舞,开局情境/都市异能英雄线,起点,高,中,冰柜少女砸开异能主线,起点页把“冰柜少女”这个开局写得极强记忆点，作者访谈又把《天王》列入跳舞最能代表他的作品之一，开局装置特别适合被借。 ｜级别中,2026-07-18T15:44:24+08:00
p1_batch04_hotlist.md,ST-002,candidate,隐杀,愤怒的香蕉,开局情境/校园杀手伪装日常,起点,中,中,顶级杀手回炉做学生,红网确认它是香蕉早期都市代表作、并给出大点击量数据，核心是“危险身份藏进校园日常”的装置，后来被反复换皮。 ｜级别中,2026-07-18T15:44:24+08:00
p1_batch04_hotlist.md,ST-002,candidate,神藏,打眼,爽点机制/鉴宝+异能+身世谜,起点,高,中,小道士带挂入古玩江湖,起点页和正版有声简介都把它锁死在“古玩/鉴宝/身世谜”上，能借的不是题材名，而是“行业知识+金手指+江湖门道”三件套。 ｜级别中,2026-07-18T15:44:24+08:00
p1_batch04_hotlist.md,ST-002,candidate,宝鉴,打眼,势力/江湖门道/行业爽文,起点,高,中,鉴物鉴人心混江湖三教,起点页与懒人听书都反复强调“三教九流，五行三家”，这说明它更像“行业门道爽文”的母型，而不是单一鉴宝书。 ｜级别中,2026-07-18T15:44:24+08:00
p1_batch04_hotlist.md,ST-002,candidate,这里有妖气,咬火,世界观/灵异复苏+强化加点,起点,高,高,现代怪谈里经验值横推,百度百科 TA 说把它直接写成“灵气复苏题材代表作之一”，又点出它是悬疑灵异历史最强新人王之一，这类“灵异复苏+强化面板”后劲很大。 ｜级别中,2026-07-18T15:44:24+08:00
p1_batch04_hotlist.md,ST-002,candidate,灵气逼人,卧牛真人,世界观/社区级灵气复苏,起点,中,中,复苏先砸进居民区日常,起点官方活动页直接把“大妈练魔法和斗气”当卖点，这种把灵气复苏压到街道社区尺度的写法，很容易被后来者拿来做开局。 ｜级别中,2026-07-18T15:44:24+08:00
p1_batch04_hotlist.md,ST-002,candidate,灵气复苏时代的虎,木子田心敏,开局情境/非人主角复苏流,起点,中,中,复苏时代先把主角变动物,起点页明确“看了场流星，变成动物园老虎”，这类非人主角切入灵气复苏的开法后来明显扩散，但公开溯源证据不够硬。 ｜级别中,2026-07-18T15:44:24+08:00
p1_batch04_hotlist.md,ST-002,candidate,最强弃少,鹅是老五,开局情境/都市修仙回归流,起点,高,高,被弃世家子都市重修飞升,起点页给出完整“弃子—都市—修仙”开局，17K 作者教程还把它点名为都市修仙的典型作品，已经很接近模板书定位。 ｜级别强,2026-07-18T15:44:24+08:00
p1_batch04_hotlist.md,ST-002,candidate,地球第一剑,言归正传,世界观/元气复苏+道门回潮,起点,中,中,月宫投影引出现代修道,起点页把“月宫投影、元气复苏”直接写进提要，作者报道也把它列为代表作，说明它是后来“都市修仙复潮文”的可借原型之一。 ｜级别中,2026-07-18T15:44:24+08:00
p1_batch04_hotlist.md,ST-002,candidate,天启之门,跳舞,叙事装置/NPC反击玩家,起点,高,中,游戏副本里NPC反咬玩家,起点页把“NPC反击玩家、吊打穿越者”直接打成 Slogan，这个视角反转很硬，后来不少无限/副本文都在借这个手法。 ｜级别中,2026-07-18T15:44:24+08:00
p1_batch04_hotlist.md,ST-002,candidate,恐慌沸腾,相思洗红豆,叙事装置/恐怖副本团队求生,起点,高,中,一队人轮流下恐怖片副本,问答与无限流导航都把它放进老牌无限流经典名单里，借用点主要是“副本—团队—竞速求生”的标准作业流。 ｜级别中,2026-07-18T15:44:24+08:00
p1_batch04_hotlist.md,ST-002,candidate,最终进化,卷土,世界观/电影副本+进化路线,起点,高,中,用电影副本喂出进化流,起点官方明确它是“诸天无限”，核心又是电影世界穿梭与进化路线，这种投放方式后来在诸天文里几乎成了标准接口。 ｜级别中,2026-07-18T15:44:24+08:00
p1_batch04_hotlist.md,ST-002,candidate,无尽武装,缘分0,势力/规则博弈/队伍型无限流,纵横系传播圈,高,中,血腥都市里靠脑子赢规则,微信读书作者页把它列为缘分 0 的代表作，书旗页能确认它就是时空穿梭类；它的可借点在“规则城市+队伍博弈”，不是单副本。 ｜级别中,2026-07-18T15:44:24+08:00
p1_batch04_hotlist.md,ST-002,candidate,主神大道,古月居士,世界观/幕后造主神游戏,起点,中,中,主角自己搭主神空间,起点页和微信读书页都能看到它不是“进主神”，而是“造主神”，这个位置一换，后面整批“幕后流+主神流”都能顺手接。 ｜级别中,2026-07-18T15:44:24+08:00
p1_batch04_hotlist.md,ST-002,candidate,影视世界旅行家,昨夜大雨,开局情境/任务式影视诸天,起点,高,中,每进一部片都当一份工,起点官方写得很清楚：每部电影都是一段旅程；站外回顾又把昨夜大雨定成“时空位面文代表性作家”，说明这条线是有公共认知的。 ｜级别中,2026-07-18T15:44:24+08:00
p1_batch04_hotlist.md,ST-002,candidate,诸天投影,裴屠狗,爽点机制/投影诸天挑战强者,起点,高,中,镜映诸天拿名人当台阶,京东电子版和微信读书都能确认“诸天投影镜”的核心装置；能被借的不是穿越本身，而是“以诸天名角做挑战梯子”的效率感。 ｜级别中,2026-07-18T15:44:24+08:00
p1_batch04_hotlist.md,ST-002,candidate,诸天尽头,凤嘲凰,爽点机制/系统抽卡式诸天,起点,高,中,抽卡挂件跑遍影视神怪,起点与 QQ 阅读都把“系统+诸天穿梭+无限可能”写死，属于很典型的后继变体，适合拿来做轻快型诸天文模版。 ｜级别中,2026-07-18T15:44:24+08:00
p1_batch04_hotlist.md,ST-002,candidate,从姑获鸟开始,活儿该,世界观/中国神话化无限副本,起点,中,中,无限流里塞山海经血统,起点官方和相关说明都点到它把国术、传统故事、山海经元素往时空穿梭里压，这种“中式神话化副本”很有原型价值。 ｜级别中,2026-07-18T15:44:24+08:00
p1_batch04_hotlist.md,ST-002,candidate,同时穿越了99个世界,凤嘲凰,叙事装置/多世界自我互通,起点,高,中,一百个自己互相做外挂,起点页和书单页都明确了“99个自己互通有无”，这其实是后面“同时穿越流”的极简说明书，只是公开溯源证据还偏社区。 ｜级别中,2026-07-18T15:44:24+08:00
p1_batch04_hotlist.md,ST-002,candidate,漫游在影视世界,不是马里奥,叙事装置/现实职业+位面打工,起点,高,中,演员拿穿梭系统跑片场,起点页和 QQ 阅读都给出完整提要，它把诸天流从“闯关”改成了“职业体验”，这是后面很多影视诸天文更爱借的姿势。 ｜级别中,2026-07-18T15:44:24+08:00
p1_batch04_hotlist.md,ST-002,candidate,会穿越的外交官,昨夜大雨,开局情境/职业身份驱动诸天,起点,中,中,外交官身份串起多位面,昨夜大雨的代表作盘点与起点站外书单都稳定提到它，核心可借的是“先给职业，再给位面”的驱动方式。 ｜级别中,2026-07-18T15:44:24+08:00
p1_batch04_hotlist.md,ST-002,candidate,电影世界大抽奖,熊猫胖大,爽点机制/抽奖式电影位面流,起点,中,中,过一部片抽一次世界奖励,起点官方把“过电影任务后大抽奖”写得非常直白，这种奖励机制后来被很多影视诸天文直接借壳；但更像装置原型，不是大世界母型。 ｜级别中,2026-07-18T15:44:24+08:00
p1_batch04_hotlist.md,ST-002,candidate,嫡谋,面北眉南,势力/宅斗权谋/成长表,起点女生,高,高,重生嫡女先保家再谋天下,起点页、出版报道和读者盘点都把它当宅斗经典，真正被借的是“先护家族基本盘，再层层拆幕后局”的推进顺序。 ｜级别强,2026-07-18T15:44:24+08:00
p1_batch04_hotlist.md,ST-002,candidate,名门闺杀,面北眉南,势力/门第博弈/宅斗技法,起点女生,高,高,端庄闺秀在后宅做权谋,多个宅斗经典盘点都把它长期列入必提名单，说明后人借的不只是“重生”，而是“门第秩序内做精细博弈”的做法。 ｜级别中,2026-07-18T15:44:24+08:00
p1_batch04_hotlist.md,ST-002,candidate,庶难从命,云霓,开局情境/庶女翻盘逻辑,起点女生,高,中,庶女从被动求生到掌局,起点页能确认它的书与作者，宅斗盘点里又长期把它和《名门闺杀》《嫡谋》并列，说明“庶女线”的结构价值一直在。 ｜级别中,2026-07-18T15:44:24+08:00
p1_batch04_hotlist.md,ST-002,candidate,媚公卿,林家成,世界观/魏晋门阀风骨宅斗,起点女生,高,中,重生到魏晋门第里翻身,起点页把“魏晋时代、门第、风骨、机谋”写得很清楚，它最值得借的是时代皮相和门第秩序，不是单纯大女主复仇。 ｜级别中,2026-07-18T15:44:24+08:00
p1_batch04_hotlist.md,ST-002,candidate,重生之将门毒后,千山茶客,爽点机制/重生复仇+权谋配婚,潇湘书院,高,高,废后重开一局先灭仇家,微信读书把它称作现象级代表作，新浪读书也点名它是潇湘重点扶持的现象级古言重生爽文，这种“重生复仇+强势婚配”后来太常见了。 ｜级别强,2026-07-18T15:44:24+08:00
p1_batch04_hotlist.md,ST-002,candidate,锦桐,闲听落花,叙事装置/双重生视角差,起点女生,高,中,两个重生者抢解释权,起点页和微信读书都点明它不是单边重生，而是双重生，这个装置后来常被借去制造信息差与命运对冲。 ｜级别中,2026-07-18T15:44:24+08:00
p1_batch04_hotlist.md,ST-002,candidate,覆手繁华,云霓,势力/宅斗接政斗的扩圈法,起点女生,高,中,后宅破案再伸进朝局,起点页与读者整理都把它概括成“宅斗政斗双重生”，这类从家宅一路抬到朝局的扩圈方式，特别适合拿来搭长篇骨架。 ｜级别中,2026-07-18T15:44:24+08:00
p1_batch04_hotlist.md,ST-002,candidate,夫人你马甲又掉了,一路烦花,爽点机制/马甲掉落+豪门打脸,潇湘系传播圈,高,高,乡下转学生层层掉马甲,文本自带“专注扒马”标签，快看漫画的人气又极高，这套“低配表象—身份反转—一次次掉马”后来几乎成了女频短爽文的公共装置。 ｜级别中,2026-07-18T15:44:24+08:00
p1_batch04_hotlist.md,ST-002,candidate,如果蜗牛有爱情,丁墨,叙事装置/刑侦甜宠双线,晋江,高,中,小白师徒在案件里谈恋爱,晋江原页能证实题材，央广又说它连载时横扫晋江月榜季榜半年榜；它常被借的是“刑侦主线+感情副线”这套稳态结构。 ｜级别中,2026-07-18T15:44:24+08:00
p1_batch04_hotlist.md,ST-002,candidate,他来了，请闭眼,丁墨,叙事装置/犯罪心理+苏感男主,晋江,高,高,天才侧写师带女主办大案,维基条目直接提到它在女性文学界成功引领“推理言情”的风潮，晋江原页与央广报道也都能坐实其高传播性，这个 B 可以抬高。 ｜级别强,2026-07-18T15:44:24+08:00
p1_batch04_hotlist.md,ST-002,candidate,宫斗不如养条狗,风流书呆,开局情境/宫斗视角反转,晋江,高,中,狗皇帝旁观后宫看真相,晋江原页和作者专栏都能证实它是作者代表作品之一，最容易被借的地方是“换视角看宫斗”，不是传统宠妃路线。 ｜级别中,2026-07-18T15:44:24+08:00
p1_batch04_hotlist.md,ST-002,heat_only,神印王座,唐家三少,势力/圣殿体系/骑士升级,起点,高,低,六大圣殿养成救世骑士,起点与条目页都能证明它热度很高、衍生很强，但公开检索里更容易看到的是名气而不是它被后续作品当作新母型来反复点名。 ｜级别中,2026-07-18T15:44:24+08:00
p1_batch04_hotlist.md,ST-002,heat_only,酒神,唐家三少,世界观/五行魔法/职业锚点,起点,高,低,调酒师转生五行大陆,起点页和更名资料都说明它很火、设定也完整，但“调酒师+五行大陆”更像作者个人花活，后续通用骨架外溢不算明显。 ｜级别中,2026-07-18T15:44:24+08:00
p1_batch04_hotlist.md,ST-002,heat_only,惟我独仙,唐家三少,爽点机制/早期仙侠 YY 感,早期网络连载,高,低,天马行空仙侠后宫爽法,公开可证的是它属于三少早期代表作与启蒙向爆款，但“被后人当模板借”的公开链条很弱，所以只进爆款表。 ｜级别弱,2026-07-18T15:44:24+08:00
p1_batch04_hotlist.md,ST-002,heat_only,天才医生,柳下挥,人设/神医男主+都市名流局,纵横,高,低,神医进城一路打脸治病,纵横主页和作者访谈都证明它是柳下挥代表作之一、热度很高，但更像成熟都市爽文的头部样本，不像新骨架源头。 ｜级别中,2026-07-18T15:44:24+08:00
p1_batch04_hotlist.md,ST-002,heat_only,慕南枝,吱吱,开局情境/女主重生先抢婚,起点女生,高,低,郡主重生先改婚配局,起点页和微信读书都能看出它热度很高，但公开讨论更多落在角色与情感推进上，模板外溢证据没有强到能抬 B。 ｜级别中,2026-07-18T15:44:24+08:00
p1_batch04_hotlist.md,ST-002,heat_only,春闺梦里人,白鹭成双,开局情境/魂穿宅门+婚姻博弈,站外言情传播圈,高,低,魂穿恶妻重打豪门婚局,它的传播声量很大，白鹭成双代表作序列里也常提这本，但首发和“被后人拿去拆骨架”的公开链条都不够稳，只能保守处理。 ｜级别弱,2026-07-18T15:44:24+08:00
p1_batch04_hotlist.md,ST-002,heat_only,良陈美锦,沉香灰烬,宅斗/回炉重开/大叔权臣配,站外言情传播圈,高,低,嫡女重生成熟回炉再选夫,这本在读者与实体市场里的存在感很强，京东也能看到持续高热，但更像“重生宅斗精品大热书”，不是公开承认度很高的母型源头。 ｜级别弱,2026-07-18T15:44:24+08:00
p1_batch04_hotlist.md,ST-002,heat_only,格子间女人,舒仪,职场/晋升逻辑/办公室关系学,早期网络连载后出版,高,低,销售线女主在格子间上升,书页明确说它连载时原名《令我像花一样盛开》，又被不少文章拿来当职场言情经典，但公开“后人模仿链”还是太弱。 ｜级别中,2026-07-18T15:44:24+08:00
p1_batch04_hotlist.md,ST-002,heat_only,翻译官,缪娟,职场/高翻职业想象/高干恋,早期网络连载,高,低,高翻职业梦包住高干恋爱,中国作家网明确说它不同于一般青春言情，靠职场背景和高翻场景出圈；问题是后来更多人借的是“翻译官职业幻想”，不是全书骨架。 ｜级别中,2026-07-18T15:44:24+08:00
p1_batch04_hotlist.md,ST-002,heat_only,许你万丈光芒好,囧囧有妖,爽点机制/影后逆袭+萌宝霸总,起点女生,高,低,影后回归配霸总萌宝,起点页、B 站漫画和腾讯动漫都证明它热度足够高、跨媒介传播也强，但核心其实是工业化甜爽配方，原型度不宜给高。 ｜级别中,2026-07-18T15:44:24+08:00
p1_batch04_hotlist.md,ST-002,heat_only,暗黑系暖婚,顾南西,人设/病娇控制欲男主装置,潇湘系传播圈,高,低,强控制欲男主做甜虐救赎,公开资料能确认它来自潇湘系传播圈、热度很高，但更像“疯感男主”的人设爆款，不太像能稳定外借一整套剧情骨架。 ｜级别弱,2026-07-18T15:44:24+08:00
p1_batch04_hotlist.md,ST-002,heat_only,表妹万福,蓬莱客,宫廷婚配/表兄妹权谋情感,晋江,高,低,表妹入局牵出朝堂婚配,晋江原页很强，实体市场也很热，但它更像古言婚恋权谋精品款，后续作者借到的往往是氛围和关系，不是骨架总图。 ｜级别中,2026-07-18T15:44:24+08:00
p1_batch04_hotlist.md,ST-002,heat_only,掌中之物,鲜橙,开局情境/反斯德哥尔摩/疯批追压,晋江系传播圈,高,低,受害者反击疯批控制者,澎湃明确把它放进晋江文讨论和“虐妻一时爽、追妻火葬场”话题里，它的装置传播极强，但可复用的完整骨架反而不够稳定。 ｜级别中,2026-07-18T15:44:24+08:00
p1_batch04_hotlist.md,ST-002,heat_only,九重紫,吱吱,宅斗/重生嫡女自保路线,阅文系女频,高,低,嫡女重生先稳家产名分,这本近年因剧版把热度重新抬高，而且读者盘点把它稳稳放在宅斗经典列里；但我能检到的更像“经典爆款”证据，不够支持把它当原型源头抬高。 ｜级别中,2026-07-18T15:44:24+08:00
p1_batch04_hotlist.md,ST-002,heat_only,邪神传说,云天空,世界观/早期异世升级爽感,起点版权链,高,低,异世大陆里一路打怪封神,QQ 阅读能确认它的起点版权链和高热评分，但公开可见更多是老读者怀旧热，不是“后来者反复借它当模板”的明证。 ｜级别弱,2026-07-18T15:44:24+08:00
p1_batch05_hotlist.md,ST-002,candidate,全球进化,咬狗,世界观／生存机制,起点中文网,中,中,生物异变压倒人类秩序,起点页直接把它写成“寒武纪式再进化”末世，公开讨论里也反复把它当成“不是丧尸、而是生态重构”的末日代表，这种“物种整体暴走”的骨架和常见基地流分得很开。 ｜级别中,2026-07-18T16:44:41+08:00
p1_batch05_hotlist.md,ST-002,candidate,末世召唤狂潮,黑心的大白,成长表／职业树／基地生存,起点中文网,中,中,血月入侵+魂师职业树,官方简介已把“血月当空、魔界入侵、魂师职业”写得很完整，它更像“职业体系+据点求生”的硬骨架，不是单纯打怪爽文；但公开仿作链不够直给，所以 B 只给中。 ｜级别中,2026-07-18T16:44:41+08:00
p1_batch05_hotlist.md,ST-002,candidate,末世之黑暗召唤师,晓夜圆舞曲,开局情境／职业机制,多源转载，原连载已散,中,中,教室重生预警+虫界裂隙,可核到的公开简介都把它写成“重生回末日前一刻、地表裂开通往虫界/深渊界、召唤职业起步”，这类“班级/城市起盘+多位面裂隙”开局很有辨识度；但现在可见材料比较分散，证据强度只能给中。 ｜级别中,2026-07-18T16:44:41+08:00
p1_batch05_hotlist.md,ST-002,candidate,最后人类,黑瞳王,开局情境／副本装置,起点中文网,中,中,列车脱轨直入异界,起点和官方百科都把它的核心装置写得很清楚：列车事故把上千人直接抛进陌生恐怖区域，这种“公共交通事故—群体穿入—异界求生”的起手骨架，在末世文里不算常规。 ｜级别中,2026-07-18T16:44:41+08:00
p1_batch05_hotlist.md,ST-002,candidate,废土生存守则,暗尘弥散,世界观／爽点机制,起点中文网,低,中,地下避难所训练废土拾荒,起点简介直接给出“核战争后地下避难所—推广《废土生存》训练—返回地表”的设定，这种“先在模拟/规则里学废土，再去真废土”的装置跟普通废土拾荒文不是一回事。 ｜级别中,2026-07-18T16:44:41+08:00
p1_batch05_hotlist.md,ST-002,candidate,顾道长生,睡觉会变白,世界观／文明演化,起点中文网,中高,中,现实修真文明缓慢成型,起点简介就写成“现代文明转变成修真文明”，中国作家网更直接点出它详细描写了“灵气复苏后修真文明的建立过程”，这使它更像一种“文明慢转型”母型，而不是日更打怪模板。 ｜级别强,2026-07-18T16:44:41+08:00
p1_batch05_hotlist.md,ST-002,candidate,我被系统托管了,木恒,叙事装置／爽点机制,起点中文网,中高,中,系统代打，宿主只出脑,起点页与多篇灵复书单都把它归到“灵气复苏+系统流”，而它最突出的不是升级，而是“系统接管身体、宿主当狗头军师”的双主角装置，这点借用率很高。 ｜级别中,2026-07-18T16:44:41+08:00
p1_batch05_hotlist.md,ST-002,candidate,最初的寻道者,橘子伯爵,世界观／成长表,起点系渠道,中,中,研究员先手吃满时代红利,多个公开书单都把它点成早期灵复代表，且核心卖点非常稳定：主角最先发现灵气复苏、自己摸索修炼体系、一路走到幕后，这是一种“科学家/研究者开道”的骨架。 ｜级别中,2026-07-18T16:44:41+08:00
p1_batch05_hotlist.md,ST-002,candidate,难道我是神,熊狼狗,爽点机制／题材变体,起点系渠道,高,中,猫先觉醒，人借猫异能,公开材料反复把它归进“灵气复苏+宠物/猫异能”，而且它不是人类先超凡，而是猫先醒来、主角靠契约共享能力，这种“宠物先超凡”的都市异能母型很少和普通灵复文撞车。 ｜级别中,2026-07-18T16:44:41+08:00
p1_batch05_hotlist.md,ST-002,candidate,曙光纪元,人勿玩人,世界观／成长表,起点中文网,中高,中,异界通道开洞，武道全面社会化,QQ阅读与多份灵复书单都把它定义成“灵气复苏、异度空间通道、武道与进化纪元”，属于“空间裂口—社会整体升级”的正统母型；但公开“被模仿/被当模板”证据不够，所以 B 不抬高。 ｜级别中,2026-07-18T16:44:41+08:00
p1_batch05_hotlist.md,ST-002,candidate,不要飞升,温言对酒,开局钩子／叙事谜面,起点中文网,中,中,第一飞升者反向警告,官方百科和多篇推书都直接把它的卖点说死了：灵气复苏百年后，第一飞升者留下遗言“不要飞升”，这类“标题就是世界观大坑”的开局装置，在灵复文里非常少见。 ｜级别中,2026-07-18T16:44:41+08:00
p1_batch05_hotlist.md,ST-002,candidate,超级教练,陈爱庭,叙事装置／势力经营,起点中文网,高,中,穿去低级别队升成名帅,足球教练流盘点里长期把《超级教练》放在更高一档，且公开简介也稳定是“穿到德乙年轻教练身上，靠超前足球知识逆袭”，这是典型“现实足坛重跑名帅路”骨架。 ｜级别中,2026-07-18T16:44:41+08:00
p1_batch05_hotlist.md,ST-002,candidate,球场教父,猪头七,势力／爽点机制,起点中文网,中高,中,草根少帅掌更衣室夺权,起点与作者发书说明都明确写了它是作者第一本“教练文”，并且简介直接把核心压在“主教练权威”和“追求胜利”上，借的是“少帅驯服更衣室+媒体对轰”的骨架。 ｜级别强,2026-07-18T16:44:41+08:00
p1_batch05_hotlist.md,ST-002,candidate,中场狂徒,饭饭爱吃饭,成长表／球员位置模板,起点系渠道,中,中,混血街头天才制霸中场,官方百科与书页简介都把它概括成“混血少年、从街头到豪门、制霸中场”，它的可借点不在教练，而在“中场发动机型主角”的职业生涯线。 ｜级别中,2026-07-18T16:44:41+08:00
p1_batch05_hotlist.md,ST-002,candidate,绿茵傻腰,金印,人设装置／球员成长线,起点中文网,中高,中,低智商天才打中场大师路,起点和 QQ 阅读资料都把它的核心人设写得很清楚：69 智商少年从拉玛西亚到英伦豪门，靠“球商/空间感”而非传统爽点推进，这种“缺陷天才中场”指纹很新。 ｜级别中,2026-07-18T16:44:41+08:00
p1_batch05_hotlist.md,ST-002,candidate,教练万岁,过关斩将,成长表／行业升级体系,起点中文网,中,中,从体考培训一路带到世界冠军,官方百科写得很明确：主角靠教练系统从中考体育培训起步，跨田径、篮球、足球一路培养冠军，它不是单项竞技，而是“教练职业升级树”。 ｜级别中,2026-07-18T16:44:41+08:00
p1_batch05_hotlist.md,ST-002,candidate,我真的是个内线,葛洛夫街兄弟,爽点机制／球员位置模板,起点中文网,高,中,NBA 内线模板成长流,起点页直接给出“NBA 模板系统+大前锋/内线”，多份篮球书单也把它归进代表作，借用价值在于它把“内线位置模板化”做得非常彻底。 ｜级别中,2026-07-18T16:44:41+08:00
p1_batch05_hotlist.md,ST-002,candidate,跑出我人生,丧尸舞,成长表／训练机制,起点中文网,中高,中,乡镇少年用系统跑到奥运,起点与 QQ 百科都明确写成“系统量化身体潜能，重回少年，一路跑上奥运赛场”；B站还点出它是起点首部万订体育文，说明它至少是田径细分里的公认代表。 ｜级别强,2026-07-18T16:44:41+08:00
p1_batch05_hotlist.md,ST-002,candidate,浮沉,崔曼莉,行业流程／女主成长线,出版图书,高,中,外企销售撞上国企改制,中国青年报与中国作家网都把《浮沉》放进早期职场/行业文核心名单，图书详情页还把它定义成“商战胜经”，女主在男性化销售场域里的成长线非常可借。 ｜级别强,2026-07-18T16:44:41+08:00
p1_batch05_hotlist.md,ST-002,candidate,圈子圈套,王强,势力／行业博弈,出版图书,高,高,IT 外企大单销售攻防,中国作家网采访直接称它是“国内职场商战小说开山之作”，并且多处公开材料都把它当“职场胜经”“职场必读”，这条模板链非常硬。 ｜级别强,2026-07-18T16:44:41+08:00
p1_batch05_hotlist.md,ST-002,candidate,输赢,付遥,行业流程／爽点机制,出版图书,高,高,13周大单投标攻守战,微信读书作者页明确写它是“中国第一部商战小说”，搜狐荐读也说它“开商战小说之先河”，外加“摧龙六式”被销售圈反复提及，这就是标准母型证据。 ｜级别强,2026-07-18T16:44:41+08:00
p1_batch05_hotlist.md,ST-002,candidate,米娅，快跑,秦与希,女频成长表／职场生活流,出版图书,中,中,外企新人换六个老板升级,豆瓣简介把它的骨架讲得很清楚：外企新人经历六个老板、一路从新人成长为职业女性，而且它明确宣称“不陷入任何一部职场小说的窠臼”，可借的是“女性白领长期职涯过程”。 ｜级别中,2026-07-18T16:44:41+08:00
p1_batch05_hotlist.md,ST-002,candidate,非诉女王,御井烹香,行业知识／双女主结构,晋江文学城,中,中,双女律师在大所做非诉并购,晋江正文页已经出现跨境并购文件、欧洲并购流程等硬行业细节，公开讨论也普遍把它当“律师行业文代表作”；但“被当模板”的公开链条不够硬，所以 B 到中为止。 ｜级别中,2026-07-18T16:44:41+08:00
p1_batch05_hotlist.md,ST-002,candidate,美食供应商,会做菜的猫,成长表／爽点机制,起点中文网,高,高,系统锁菜单，小店单品解锁,公共书单和推文直接把它叫“开创系统流美食文的神作”，甚至明确说后续很多系统流职业小说都受它影响，这条原型链是本窗最硬的一条之一。 ｜级别强,2026-07-18T16:44:41+08:00
p1_batch05_hotlist.md,ST-002,candidate,异世界的美食家,李鸿天,世界观／爽点机制,起点中文网,高,中,玄幻开餐馆，美食直接加修为,公开评价里甚至直接说它前期“靠《美食供应商》的套路”，但又把“美食能提高修为”的异界变体做出来，所以它不是母体本身，而是非常清楚的一次“异界移植变体”。 ｜级别强,2026-07-18T16:44:41+08:00
p1_batch05_hotlist.md,ST-002,candidate,重生八零：媳妇有点辣,宝妆成,开局情境／成长表,书旗系传播,高,中,80年代女主从摆摊冲到商贸地产,36氪把它点成“创业奋斗流年代文”的典型，且影视/短剧改编线也能核到，说明它至少把“穿回八零—搞钱养家—一路做大”的年代经商骨架做成了公共模板。 ｜级别强,2026-07-18T16:44:41+08:00
p1_batch05_hotlist.md,ST-002,candidate,重生野性时代,王梓钧,开局情境／经商路线,起点中文网,中高,中,90年代家道中落后创业翻盘,起点与官方百科都把它定成“重生创业赚钱”，专门的分析文还说它是“90年代重生小说代表作之一”，它的借点在“抓住窗口期一路滚大”。 ｜级别中,2026-07-18T16:44:41+08:00
p1_batch05_hotlist.md,ST-002,candidate,重生之出人头地,闹闹不爱闹,势力／时代质感,阅文系传播,中高,中,港岛底层白手起家做商业枭雄,评论与荐读材料都稳定强调“香港五六十年代”“商业枭雄”“步步为营”，而且这条不是泛重生，而是很具体的“港风商战起家”骨架。 ｜级别中,2026-07-18T16:44:41+08:00
p1_batch05_hotlist.md,ST-002,candidate,重生小地主,弱颜,家庭经营／种田经营,起点系影响扩散,中高,中,极品亲族局里慢慢做大田产,公开传播里已明确把《田耕纪》原著指回《重生小地主》，而它的可借骨架不是朝堂，而是“家族撕扯+小农经营+渐进式做大”。 ｜级别中,2026-07-18T16:44:41+08:00
p1_batch05_hotlist.md,ST-002,candidate,工业霸主,齐橙,行业骨架／年代创业,起点中文网,中,中高,穿回工厂做工业救国创业,北师大专访明确说齐橙从《工业霸主》《材料帝国》《大国重工》这一串作品“带动了网文界写工业小说的风潮”，如果只留一个原型位，我更倾向把首发的《工业霸主》当母型。 ｜级别强,2026-07-18T16:44:41+08:00
p1_batch05_hotlist.md,ST-002,candidate,闪婚后，豪门老公马甲藏不住,一路开花,开局情境／爽点机制,番茄小说,高,高,相亲认错人后闪婚隐富,中国作家网直接把改编短剧《闪婚后，傅先生马甲藏不住了》写成“霸总+先婚后爱”短剧的代表作，还把“相亲认错—迅速结婚—隐瞒首富身份—掉马打脸”讲得非常完整，这就是短剧母型证据。 ｜级别强,2026-07-18T16:44:41+08:00
p1_batch05_hotlist.md,ST-002,candidate,惊！天降老公竟是首富,公子衍,开局钩子／爽点机制,红袖添香,高,中高,女主已领证却不知老公是首富,封面新闻与腾讯新闻都明确写到它改编的《叮！我的首富老公已上线》上线 48 小时流水破 1200 万，而且作者自己说灵感来自“民政局什么时候给我发个老公”这个网络梗，说明它强在开局装置。 ｜级别强,2026-07-18T16:44:41+08:00
p1_batch05_hotlist.md,ST-002,candidate,你是我的恋恋不忘,公子衍,开局情境／人设置换,阅文系,高,中,大明星突然提闪婚，女主是记者,阅文短剧案例文把它列为抖音播放量 2.6 亿的代表作，还专门说它比常规霸总文更新鲜，是“中学旧识+大明星闪婚普通记者”的人设改写，所以它可借的是“换职业壳的先婚后爱”。 ｜级别强,2026-07-18T16:44:41+08:00
p1_batch05_hotlist.md,ST-002,candidate,四大名捕会京师,温瑞安,势力／叙事装置,港台纸书连载源头,高,高,官府名捕团破案入江湖,人民日报把《四大名捕》系列点作温瑞安代表作，并直说武侠元素正潜伏并融进侦探、言情、历史等类型；而《四大名捕会京师》本身就是“官府组织+群像破案”母体。 ｜级别强,2026-07-18T16:44:41+08:00
p1_batch05_hotlist.md,ST-002,candidate,楚留香传奇,古龙,叙事装置／人物模版,港台纸书连载源头,高,高,盗帅破局，江湖悬案单元,相关资料明确说古龙在《楚留香传奇》里大量加入异国、悬疑元素，把侠盗与探案混成一体；这种“风流侠盗+单元悬案”是后面很多网文江湖副本的老源头。 ｜级别强,2026-07-18T16:44:41+08:00
p1_batch05_hotlist.md,ST-002,candidate,陆小凤传奇,古龙,叙事装置／人物模版,港台纸书连载源头,高,高,懒散大侠被卷入连环局,微信读书介绍把它概括得很准：陆小凤“不想当大侠，却总被卷入迷离诡异案件”，这类“混子神探式江湖主角”后来在网文里常见，但根子很早。 ｜级别强,2026-07-18T16:44:41+08:00
p1_batch05_hotlist.md,ST-002,candidate,多情剑客无情剑,古龙,文风／人物关系结构,港台纸书连载源头,高,高,冷情快刀写尽人情冷暖,公开资料不只说它是古龙巅峰，还直接强调它“创造了一种新的写作文体”，后来的网文短句切镜头、冷感对白、兄弟与宿敌结构，很多都能顺着这条线往回追。 ｜级别强,2026-07-18T16:44:41+08:00
p1_batch05_hotlist.md,ST-002,candidate,绝代双骄,古龙,世界观／人物关系,港台纸书连载源头,高,高,双生对照，恶人谷对移花宫,维基条目把它定义成古龙里程碑之作，而它的双生兄弟、对照成长、极端势力抚养的骨架，后面在网文“双主角/镜像主角”里非常常见。 ｜级别强,2026-07-18T16:44:41+08:00
p1_batch05_hotlist.md,ST-002,candidate,倚天屠龙记,金庸,势力／成长表,港台纸书连载源头,高,高,少年误入大势力漩涡夺旗,光明日报把金庸体系直接列入网络文学的继承链；而《倚天》这条“少年—门派/魔教/朝廷多方拉扯—神器与旗帜象征正统”的骨架，对网文势力戏影响一直很深。 ｜级别强,2026-07-18T16:44:41+08:00
p1_batch05_hotlist.md,ST-002,candidate,笑傲江湖,金庸,世界观／人物关系,港台纸书连载源头,高,高,门派政治吞掉个人命运,虽然本窗不展开讲影视流行度，但光明日报关于“金庸体系进入网文继承链”的判断成立，而《笑傲》最可借的不是武功名目，是“江湖门派政治化、个体被大势裹挟”的骨架。 ｜级别中,2026-07-18T16:44:41+08:00
p1_batch05_hotlist.md,ST-002,candidate,鹿鼎记,金庸,开局情境／反英雄人设,港台纸书连载源头,高,高,市井混子误闯权力中枢,金庸条目与《鹿鼎记》条目都明确写到它是金庸封笔作、反写传统大侠，而它把“小人物误闯中枢、靠嘴皮与人情混高位”的骨架做得极成熟，后面很多反英雄爽文都能看到影子。 ｜级别强,2026-07-18T16:44:41+08:00
p1_batch05_hotlist.md,ST-002,heat_only,恐怖都市,猛虎道长,都市异能热度与收录度都不低，但公开材料更能证明它“好看/被收书单”，不够证明它是后续都市异能的模板母体。,起点中文网,高,低,,起点与书单页能核到高收录与完整设定，但没有直给的仿作链。,2026-07-18T16:44:41+08:00
p1_batch05_hotlist.md,ST-002,heat_only,超级预言大师,不吃小南瓜,足球教练流里有存在感，但和《超级教练》《球场教父》相比，骨架新意不够，公开材料也更多停在“又一本好看的教练文”。,阅文系,中高,低,,官方百科可核到它是“BBC 实习记者起步的足球教练流”，但模板证据弱。,2026-07-18T16:44:41+08:00
p1_batch05_hotlist.md,ST-002,heat_only,篮坛饿狼传说,兔来割草,篮球生涯流很热血，起手“橄榄球员改打篮球”也有记忆点，但公开证据更接近单本精品，没看到后续大规模借用链。,QQ 阅读系,中,低,,QQ 阅读资料能核到其核心设定与体量。,2026-07-18T16:44:41+08:00
p1_batch05_hotlist.md,ST-002,heat_only,大国重工,齐橙,它本身很强，但和《工业霸主》同属齐橙工业强国链路，我不愿把同一作者同一硬骨架反复抬成多个“新原型位”。,起点扩散 / 七猫,中高,低,,北师大专访说的是齐橙整串工业题材共同带起风潮，不是单本单独开型。,2026-07-18T16:44:41+08:00
p1_batch05_hotlist.md,ST-002,heat_only,进击结构师,荷风吹,行业细节很扎实，女主职场线也硬，但本窗要求“有公开被当模板证据才写”，这本更像优质行业文，还没到模板位。,晋江文学城,中,低,,晋江与书评都能证明它专业、现实，但没找到足够硬的“被当模板”公开证据。,2026-07-18T16:44:41+08:00
p1_batch05_hotlist.md,ST-002,heat_only,曙光纪元,人勿玩人,设定完整、成绩也好，但公开可核材料更多把它当“正统灵复代表”，不够说明它本身被大量借骨架。,起点中文网,中高,低,,QQ 阅读与书单都在讲它好看、正统、万订，但没有更强原型链。,2026-07-18T16:44:41+08:00
p1_batch06_hotlist.md,ST-002,candidate,大医凌然,志鸟村,医疗职业文从“神医打脸”转到“手术流程+医院生态”,起点,高,高,外科手术升级流,公开书评直接称它是“医生文里的一个里程碑”，起点页可核作品与平台信息。 ｜级别强,2026-07-19T05:21:16+08:00
p1_batch06_hotlist.md,ST-002,candidate,手术直播间,真熊初墨,手术病例流水线、急诊/外科高频闯关感,起点,高,中,急诊病例闯关流,多篇医生文盘点把它和《大医凌然》并列成医生文核心坐标，起点页能核书目。 ｜级别中,2026-07-19T05:21:16+08:00
p1_batch06_hotlist.md,ST-002,candidate,医路坦途,臧福生,边疆医院成长线、科室与院内关系网,起点,高,中,边疆医院长线成长,起点页显示其超长连载体量，后续盘点常把它与《大医凌然》《手术直播间》并列。 ｜级别中,2026-07-19T05:21:16+08:00
p1_batch06_hotlist.md,ST-002,candidate,国民法医,志鸟村,法医证据链、检材勘验、刑侦流程写实,起点,高,中,法医勘验破案流,起点页直接给出法医题材定位，起点问答出现“类似《国民法医》”推荐，说明它已成同类参照。 ｜级别中,2026-07-19T05:21:16+08:00
p1_batch06_hotlist.md,ST-002,candidate,韩警官,卓牧闲,基层警务职业化写法，不靠神探挂，靠体制内成长,起点,中,高,基层警务成长流,微信读书作者页明确说卓牧闲以《韩警官》《朝阳警事》等“开创网络文学警务小说流派”。 ｜级别强,2026-07-19T05:21:16+08:00
p1_batch06_hotlist.md,ST-002,candidate,朝阳警事,卓牧闲,社区警务、群众线索网、基层民警日常,起点,中,高,群众协作社区警务,中国作家网评介它时，直接把“依靠群众之眼屡破大案”当成核心卖点；作者流派定位同样很硬。 ｜级别强,2026-07-19T05:21:16+08:00
p1_batch06_hotlist.md,ST-002,candidate,滨江警事,卓牧闲,水警视角串海事、航道、渔政、海关、边检多部门协同,起点,高,高,长江水域治理警务流,新华社、中国作家网都把它当现实警务书写标杆，起点页可核平台与作品信息。 ｜级别强,2026-07-19T05:21:16+08:00
p1_batch06_hotlist.md,ST-002,candidate,何日请长缨,齐橙,国企机床厂脱困、管理改造、产业链竞争,起点,中,中,国企机床厂改革突围,中国作家网明确说这本书写的是“管理创新”，中国出版政府奖报道也把它列为工业题材标杆。 ｜级别强,2026-07-19T05:21:16+08:00
p1_batch06_hotlist.md,ST-002,candidate,这游戏也太真实了,晨星LL,废土避难所+招募玩家干重活，靠“众包建设”跑文明回升,起点,高,中,避难所玩家众包建城,起点页与榜单报道都证明它是科幻头部，讨论里直接把它当“废土+种田+玩家”坐标。 ｜级别中,2026-07-19T05:21:16+08:00
p1_batch06_hotlist.md,ST-002,candidate,全球废土：避难所无限升级,斤斤斤,全民废土开局一间庇护所，核心是升级树而不是纯打怪,起点,高,中,全民废土避难所升级树,起点与应用宝页面都直接给它打上“末世种田/避难所”坐标，类型非常清楚。 ｜级别中,2026-07-19T05:21:16+08:00
p1_batch06_hotlist.md,ST-002,candidate,末世超级商人,雨水,双时空倒卖物资，现代反哺末世基地,起点,中,中,双穿走私养基地,书单公开称它是“双世界流的典范之一”，起点页也能核平台与核心设定。 ｜级别中,2026-07-19T05:21:16+08:00
p1_batch06_hotlist.md,ST-002,candidate,燃烬之余,失落之节操君,废土残文明、车队/聚落治理、旧秩序残片博弈,起点,中,低,废土聚落政治经营,起点页可确认它是典型废土残文明故事，但公开“模板影响”证据偏少。 ｜级别弱,2026-07-19T05:21:16+08:00
p1_batch06_hotlist.md,ST-002,candidate,第九农学基地,红刺北,农学知识修复粮食链，末世不靠杀怪、靠恢复生产体系,晋江,高,中,农学生抢修粮食链,中国作家网与腾讯新闻都把它界定为“植物异变、农学断代”的末世新形态，并给出热度与榜单数据。 ｜级别强,2026-07-19T05:21:16+08:00
p1_batch06_hotlist.md,ST-002,candidate,天灾第十年跟我去种田,南极蓝,安全区外单领地经营，与变异动物/邻居做交易与共存,七猫,高,中,单领地农田经营流,七猫页直接写“天灾第十年……去种田”，平台推荐里也把它当末世种田头部。 ｜级别中,2026-07-19T05:21:16+08:00
p1_batch06_hotlist.md,ST-002,candidate,末日轮盘,幻动,晶核—轮盘—团队/基地的资源循环系统,起点,高,中,轮盘经济末世流,起点页和多份末世推荐都把它当代表作，读者讨论也集中在“轮盘设定”本身。 ｜级别中,2026-07-19T05:21:16+08:00
p1_batch06_hotlist.md,ST-002,candidate,深空之流浪舰队,最终永恒,文明流浪、舰队社会、宇宙尺度生存与制度演化,起点,高,中,文明舰队远航流,起点页可核作品，知乎讨论常把它与“流浪舰队/文明博弈”绑定。 ｜级别中,2026-07-19T05:21:16+08:00
p1_batch06_hotlist.md,ST-002,candidate,我们生活在南京,天瑞说符,双时空无线电联络、末日城市救援,起点,高,中,双时空电台救城,它拿到第32届中国科幻银河奖“最佳网络科幻小说奖”，赛道坐标非常公开。 ｜级别强,2026-07-19T05:21:16+08:00
p1_batch06_hotlist.md,ST-002,candidate,死在火星上,天瑞说符,火星孤存求生、航天工程硬核细节、封闭环境推演,起点,高,中,火星失联双人闭环求生,公开评价和媒体报道都强调它的“硬核程度”，起点页能核平台与作者。 ｜级别强,2026-07-19T05:21:16+08:00
p1_batch06_hotlist.md,ST-002,candidate,泰坦无人声,天瑞说符,泰坦科考站、AI伙伴、封闭环境悬疑求生,起点,中,中,泰坦站封闭科考流,光明日报旗下《中华读书报》与豆瓣条目都强调其地外科考站+AI设定，并点明作者硬核科幻风格。 ｜级别强,2026-07-19T05:21:16+08:00
p1_batch06_hotlist.md,ST-002,candidate,保卫南山公园,天瑞说符,近未来科学想象、守护地球工程、末世尺度推演,起点,中,中,近未来保卫地球流,启明星奖、石榴杯报道都把它列入科幻重点作品，起点页可核平台。 ｜级别强,2026-07-19T05:21:16+08:00
p1_batch06_hotlist.md,ST-002,candidate,纳米崛起,岭南仨人,纳米材料—产业链—国家竞争的硬核科技升级,起点,中,中,纳米产业升级流,起点页与硬核科幻书单都把它定位成科技强国/纳米科幻。 ｜级别中,2026-07-19T05:21:16+08:00
p1_batch06_hotlist.md,ST-002,candidate,学霸的星辰大海,眉语目笑,学霸成长、科研攻关、航天梦想,起点,中,中,学霸科研登月流,起点页和漫画改编介绍都把“从学霸走向星辰大海”当核心骨架。 ｜级别中,2026-07-19T05:21:16+08:00
p1_batch06_hotlist.md,ST-002,candidate,机动风暴,骷髅精灵,机甲军校/赛事/联邦战争的基础模版,起点,高,中,机甲军校竞赛流,起点页是官方入口，知乎“机甲巅峰”问题里它是反复被点名的坐标书。 ｜级别中,2026-07-19T05:21:16+08:00
p1_batch06_hotlist.md,ST-002,candidate,机破星河,当年离歌,联邦与帝国对抗、军校成长、机甲战场升级,起点,中,中,联邦帝国机甲成长流,起点页就写到“联邦与帝国的明争暗斗”，知乎机甲推荐常把它与《机动风暴》并列。 ｜级别中,2026-07-19T05:21:16+08:00
p1_batch06_hotlist.md,ST-002,candidate,佣兵的战争,如水意,军迷入场、佣兵团运作、全球军火/情报网,起点,高,中,佣兵团全球作战流,起点页能核书，知乎评价直接说“佣兵文一直是军事流的主题，其中最出名的就是《佣兵的战争》”。 ｜级别强,2026-07-19T05:21:16+08:00
p1_batch06_hotlist.md,ST-002,candidate,重生之大枭雄,沧海煮成酒,港式社团上位、粤语对白、枭雄片节奏,创世,高,高,港式社团上位片感,多篇访谈/评论都说它在创世开站时口碑爆发、冲上月票榜前三，且作者后来被反复称为“香港题材第一人”。 ｜级别强,2026-07-19T05:21:16+08:00
p1_batch06_hotlist.md,ST-002,candidate,重生之大英雄,沧海煮成酒,九龙城寨、社团擂台、动作场面调度,创世,中,中,城寨擂台社团成长,创世官方页可核平台，作者资料与访谈都把它列为沧海煮成酒代表港风作品，并提到获过星创奖。 ｜级别中,2026-07-19T05:21:16+08:00
p1_batch06_hotlist.md,ST-002,candidate,香港往事,沧海煮成酒,港岛商场、社团、文坛多线拼接的旧港风貌,不可能的世界,中,中,旧港多线群像枭雄流,官方宣发直接写“独家首发于不可能的世界，上架即登榜首”，同时继续把作者定义为“香港题材第一人”。 ｜级别强,2026-07-19T05:21:16+08:00
p1_batch06_hotlist.md,ST-002,candidate,大香港1957,镔铁,黑钱年代巡警上位，探长片+商战片混编,旧站流通，现微信读书可读,中,中,黑钱年代巡警发家流,微信读书页与简介页都把它概括成“五十年代大香港”“警察大亨”，港综书单也常把它当早期香港枭雄文坐标。 ｜级别中,2026-07-19T05:21:16+08:00
p1_batch06_hotlist.md,ST-002,heat_only,当医生开了外挂,手握寸关尺,医生文赛道大爆，但更像《大医凌然》之后的爆款扩张，不像新模板源头,起点,高,低,游戏化急诊外挂流,起点页可核作品信息，公开盘点明确把它写成《手术直播间》之后的“医生文扛旗者”和年度前十。,2026-07-19T05:21:16+08:00
p1_batch06_hotlist.md,ST-002,heat_only,重生末世：开局中奖3000万,六根韭菜,高墙基地+屯物资+防守很能打，但公开影响链还不够硬,起点,高,低,高墙基地囤货防守流,起点页显示超长连载与高热度，推荐文频繁出现，但更像高热赛道书而不是新原型。,2026-07-19T05:21:16+08:00
p1_batch06_hotlist.md,ST-002,heat_only,机武风暴,骷髅精灵,很火，但它自己就写着“风暴系列第五部”，更像成熟母题续燃,起点,高,低,太阳系联盟机武赛道,起点页直接标出“风暴系列第五部”，这就决定了它更接近成熟IP延长线。,2026-07-19T05:21:16+08:00
p1_batch06_hotlist.md,ST-002,heat_only,火力为王,如水意,军武地下世界热度高，但本质还是如水意“佣兵/情报/军火”母线升级,起点,高,低,军火情报地下世界流,起点页能核作品信息，公开报道则把它放进“起点军事大神如水意”延续线上看。,2026-07-19T05:21:16+08:00
